No,Date,StockCode,Previous,OpenPrice,High,Low,Close,Volume,Change,Value,Frequency,Offer,OfferVolume,Bid,BidVolume,ForeignSell,ForeignBuy
824,20221230,ZATA,123.0,0.0,121.0,115.0,115.0,44873200.0,-8.0,5231125700.0,4466.0,116.0,170900.0,115.0,8509500.0,1346200.0,139000.0
824,20230102,ZATA,115.0,0.0,127.0,110.0,120.0,208272400.0,5.0,25003352400.0,8723.0,121.0,525400.0,120.0,2409600.0,1552000.0,173000.0
824,20230103,ZATA,120.0,0.0,125.0,120.0,121.0,81968000.0,1.0,10054156500.0,3813.0,121.0,227000.0,120.0,3120800.0,260400.0,356700.0
824,20230104,ZATA,121.0,0.0,122.0,115.0,117.0,27554900.0,-4.0,3267356700.0,2225.0,118.0,461000.0,117.0,1300.0,137700.0,173000.0
824,20230105,ZATA,117.0,0.0,122.0,110.0,113.0,28032200.0,-4.0,3273807700.0,3409.0,114.0,50500.0,113.0,447300.0,76300.0,84700.0
828,20230106,ZATA,113.0,0.0,115.0,110.0,112.0,22151200.0,-1.0,2482592600.0,1493.0,112.0,334900.0,111.0,33200.0,124500.0,28600.0
830,20230109,ZATA,112.0,0.0,117.0,105.0,106.0,31110700.0,-6.0,3292350400.0,2092.0,106.0,115100.0,105.0,693400.0,49500.0,150000.0
831,20230110,ZATA,106.0,0.0,107.0,99.0,99.0,33967400.0,-7.0,3431593400.0,2455.0,100.0,290600.0,99.0,148300.0,415000.0,848200.0
832,20230111,ZATA,99.0,0.0,112.0,93.0,110.0,76574600.0,11.0,8177744900.0,6331.0,110.0,4788100.0,109.0,514100.0,692100.0,349800.0
832,20230112,ZATA,110.0,0.0,112.0,103.0,103.0,30887300.0,-7.0,3273347600.0,2360.0,103.0,832700.0,0.0,0.0,337400.0,610000.0
832,20230113,ZATA,103.0,0.0,108.0,96.0,101.0,25488200.0,-2.0,2605715300.0,2183.0,101.0,97400.0,100.0,189200.0,80100.0,342600.0
832,20230116,ZATA,101.0,0.0,102.0,97.0,99.0,9406400.0,-2.0,931852300.0,1532.0,100.0,101100.0,99.0,1200.0,71600.0,132700.0
832,20230117,ZATA,99.0,0.0,103.0,93.0,93.0,35082000.0,-6.0,3393839000.0,3000.0,93.0,13185100.0,0.0,0.0,83700.0,58900.0
832,20230118,ZATA,93.0,0.0,93.0,87.0,87.0,33922500.0,-6.0,2972229100.0,2436.0,87.0,102499000.0,0.0,0.0,58900.0,50000.0
832,20230119,ZATA,87.0,0.0,81.0,81.0,81.0,8492300.0,-6.0,687876300.0,577.0,81.0,210291400.0,0.0,0.0,0.0,0.0
832,20230120,ZATA,81.0,0.0,78.0,76.0,76.0,4294100.0,-5.0,326381600.0,449.0,76.0,247473300.0,0.0,0.0,0.0,0.0
833,20230124,ZATA,76.0,0.0,71.0,71.0,71.0,5419400.0,-5.0,384777400.0,350.0,71.0,284680700.0,0.0,0.0,0.0,0.0
833,20230125,ZATA,71.0,0.0,67.0,67.0,67.0,2101400.0,-4.0,140793800.0,321.0,67.0,269503900.0,0.0,0.0,0.0,0.0
833,20230126,ZATA,67.0,0.0,63.0,63.0,63.0,4170800.0,-4.0,262760400.0,323.0,63.0,237273600.0,0.0,0.0,0.0,0.0
834,20230127,ZATA,63.0,0.0,59.0,59.0,59.0,1332700.0,-4.0,78629300.0,376.0,59.0,185068100.0,0.0,0.0,0.0,0.0
834,20230130,ZATA,59.0,0.0,55.0,55.0,55.0,5665300.0,-4.0,311591500.0,422.0,55.0,222283200.0,0.0,0.0,0.0,0.0
834,20230131,ZATA,55.0,0.0,0.0,0.0,55.0,0.0,0.0,0.0,0.0,0.0,0.0,0.0,0.0,0.0,0.0
835,20230201,ZATA,55.0,0.0,52.0,52.0,52.0,5417000.0,-3.0,281684000.0,544.0,52.0,184894900.0,0.0,0.0,0.0,0.0
835,20230202,ZATA,52.0,0.0,50.0,50.0,50.0,10867100.0,-2.0,543355000.0,1208.0,50.0,149576400.0,0.0,0.0,0.0,0.0
835,20230203,ZATA,50.0,0.0,50.0,50.0,50.0,15789000.0,0.0,789450000.0,3740.0,50.0,121286900.0,0.0,0.0,0.0,0.0
836,20230206,ZATA,50.0,0.0,50.0,50.0,50.0,9789800.0,0.0,489490000.0,505.0,50.0,78053500.0,0.0,0.0,0.0,1018000.0
837,20230207,ZATA,50.0,0.0,67.0,50.0,67.0,425898600.0,17.0,25884469000.0,20324.0,0.0,0.0,67.0,36452100.0,1341400.0,708700.0
841,20230208,ZATA,67.0,0.0,90.0,70.0,88.0,483722100.0,21.0,40978146700.0,26650.0,89.0,579100.0,88.0,628800.0,1053600.0,535900.0
841,20230209,ZATA,88.0,0.0,106.0,82.0,85.0,458713300.0,-3.0,44047963500.0,30384.0,86.0,1158400.0,85.0,1686900.0,74500.0,3056800.0
841,20230210,ZATA,85.0,0.0,94.0,81.0,85.0,163407300.0,0.0,14276542200.0,11966.0,85.0,107200.0,84.0,25600.0,50100.0,84800.0
841,20230213,ZATA,85.0,0.0,88.0,81.0,81.0,74447100.0,-4.0,6269191400.0,5911.0,81.0,54500.0,80.0,6472800.0,75900.0,63400.0
841,20230214,ZATA,81.0,0.0,87.0,79.0,81.0,106888900.0,0.0,8885393100.0,6054.0,81.0,481100.0,80.0,2227800.0,473400.0,1209200.0
841,20230215,ZATA,81.0,0.0,83.0,76.0,78.0,32250200.0,-3.0,2547514800.0,3698.0,78.0,2387000.0,77.0,939500.0,99200.0,462800.0
842,20230216,ZATA,78.0,0.0,81.0,73.0,73.0,37010100.0,-5.0,2792356900.0,3840.0,73.0,1320000.0,0.0,0.0,107800.0,47600.0
842,20230217,ZATA,73.0,0.0,74.0,68.0,68.0,31710000.0,-5.0,2230091900.0,3041.0,68.0,1109300.0,0.0,0.0,356500.0,273900.0
842,20230220,ZATA,68.0,0.0,74.0,67.0,69.0,90847100.0,1.0,6418208600.0,5601.0,69.0,441000.0,68.0,544900.0,312100.0,467700.0
842,20230221,ZATA,69.0,0.0,70.0,65.0,65.0,28354300.0,-4.0,1880524100.0,2603.0,65.0,580300.0,0.0,0.0,1309000.0,327900.0
842,20230222,ZATA,65.0,0.0,68.0,61.0,61.0,39190600.0,-4.0,2488951200.0,3550.0,61.0,997200.0,0.0,0.0,416700.0,195600.0
842,20230223,ZATA,61.0,0.0,62.0,57.0,59.0,28955200.0,-2.0,1678824800.0,1562.0,59.0,1966700.0,58.0,475300.0,115800.0,279400.0
843,20230224,ZATA,59.0,0.0,62.0,57.0,57.0,39143300.0,-2.0,2311185400.0,2646.0,57.0,386200.0,56.0,2252000.0,207000.0,120300.0
844,20230227,ZATA,57.0,0.0,76.0,56.0,76.0,250962600.0,19.0,17608821700.0,14809.0,0.0,0.0,76.0,19500000.0,779700.0,3617800.0
844,20230228,ZATA,76.0,0.0,88.0,76.0,77.0,425137200.0,1.0,35272806600.0,23745.0,77.0,1052700.0,76.0,551200.0,8675600.0,2366400.0
845,20230301,ZATA,77.0,0.0,80.0,72.0,72.0,87031100.0,-5.0,6550267100.0,7482.0,72.0,5231700.0,0.0,0.0,188500.0,0.0
845,20230302,ZATA,72.0,0.0,73.0,67.0,67.0,50829200.0,-5.0,3456335300.0,3056.0,67.0,6622900.0,0.0,0.0,0.0,0.0
846,20230303,ZATA,67.0,0.0,79.0,64.0,72.0,224996200.0,5.0,16536275600.0,14309.0,73.0,633000.0,72.0,2734600.0,443100.0,357000.0
847,20230306,ZATA,72.0,0.0,76.0,69.0,70.0,81586200.0,-2.0,5943998300.0,5909.0,71.0,855400.0,70.0,135700.0,130900.0,69400.0
847,20230307,ZATA,70.0,0.0,76.0,68.0,75.0,90801800.0,5.0,6626153500.0,6471.0,76.0,3549200.0,75.0,15690800.0,52200.0,179400.0
850,20230308,ZATA,75.0,0.0,77.0,70.0,70.0,64547600.0,-5.0,4692058800.0,4251.0,71.0,1794400.0,70.0,40200.0,691200.0,735500.0
850,20230309,ZATA,70.0,0.0,72.0,68.0,69.0,38973200.0,-1.0,2725018000.0,2538.0,70.0,1202700.0,69.0,2916500.0,513500.0,640200.0
851,20230310,ZATA,69.0,0.0,70.0,66.0,68.0,29501100.0,-1.0,1997245000.0,2972.0,68.0,1777000.0,67.0,549400.0,136400.0,138400.0
851,20230313,ZATA,68.0,0.0,71.0,66.0,67.0,26534400.0,-1.0,1822885100.0,1758.0,68.0,784000.0,67.0,1826400.0,72300.0,20000.0
851,20230314,ZATA,67.0,0.0,68.0,63.0,63.0,25808300.0,-4.0,1666803200.0,2891.0,63.0,695100.0,0.0,0.0,111200.0,95500.0
851,20230315,ZATA,63.0,0.0,67.0,62.0,64.0,19565400.0,1.0,1262027200.0,1693.0,65.0,699300.0,64.0,141700.0,335500.0,126000.0
851,20230316,ZATA,64.0,0.0,65.0,60.0,60.0,34674200.0,-4.0,2100618600.0,2841.0,60.0,5486100.0,0.0,0.0,126000.0,0.0
851,20230317,ZATA,60.0,0.0,63.0,56.0,58.0,43265200.0,-2.0,2539759600.0,3452.0,59.0,266700.0,58.0,2289900.0,40000.0,133200.0
851,20230320,ZATA,58.0,0.0,76.0,58.0,72.0,282985400.0,14.0,20032372300.0,16258.0,73.0,921200.0,72.0,1444300.0,1154400.0,4494400.0
851,20230321,ZATA,72.0,0.0,78.0,67.0,67.0,113033400.0,-5.0,8072019800.0,7005.0,68.0,2674400.0,67.0,22500.0,3499200.0,189900.0
851,20230324,ZATA,67.0,0.0,75.0,67.0,70.0,99551800.0,3.0,7046408600.0,6264.0,71.0,1295900.0,70.0,25591900.0,211600.0,93100.0
851,20230327,ZATA,70.0,0.0,83.0,71.0,78.0,270155600.0,8.0,21039987200.0,13670.0,79.0,4976300.0,78.0,2140000.0,760600.0,427100.0
851,20230328,ZATA,78.0,0.0,80.0,73.0,73.0,88897400.0,-5.0,6748265400.0,5654.0,74.0,2494600.0,73.0,596700.0,91800.0,200000.0
851,20230329,ZATA,73.0,0.0,77.0,72.0,72.0,49944100.0,-1.0,3699066100.0,3016.0,73.0,37700.0,72.0,643300.0,3969700.0,4792700.0
852,20230330,ZATA,72.0,0.0,78.0,72.0,75.0,97592900.0,3.0,7306424200.0,3895.0,76.0,1776200.0,75.0,1125700.0,5581000.0,5812200.0
852,20230331,ZATA,75.0,0.0,77.0,70.0,73.0,49870800.0,-2.0,3683512900.0,4412.0,73.0,1636200.0,72.0,2454300.0,2855400.0,2394400.0
852,20230403,ZATA,73.0,0.0,74.0,69.0,70.0,46458500.0,-3.0,3325832400.0,3618.0,71.0,381000.0,70.0,1276800.0,2909500.0,4299300.0
852,20230404,ZATA,70.0,0.0,72.0,66.0,67.0,37121600.0,-3.0,2532968600.0,2692.0,68.0,1772700.0,67.0,206200.0,1574300.0,1001500.0
853,20230405,ZATA,67.0,0.0,69.0,65.0,66.0,24784300.0,-1.0,1655475300.0,1799.0,67.0,3782200.0,66.0,489300.0,1413700.0,1399900.0
852,20230406,ZATA,66.0,0.0,74.0,66.0,70.0,154245300.0,4.0,10870016800.0,7875.0,71.0,1314100.0,70.0,6611100.0,8706400.0,16870200.0
853,20230410,ZATA,70.0,0.0,75.0,67.0,69.0,87470700.0,-1.0,6206819300.0,4330.0,69.0,1886100.0,68.0,9885100.0,8060400.0,2339900.0
853,20230411,ZATA,69.0,0.0,71.0,66.0,67.0,41933600.0,-2.0,2864172500.0,4386.0,68.0,707300.0,67.0,958100.0,4854000.0,2609200.0
854,20230412,ZATA,67.0,0.0,68.0,66.0,66.0,12928800.0,-1.0,862102600.0,912.0,67.0,1755700.0,66.0,4631200.0,27500.0,361100.0
854,20230413,ZATA,66.0,0.0,70.0,66.0,66.0,29643500.0,0.0,2000763300.0,2166.0,67.0,1275800.0,66.0,2102200.0,2017500.0,1090900.0
854,20230414,ZATA,66.0,0.0,68.0,64.0,65.0,16745000.0,-1.0,1101255500.0,1129.0,65.0,1255400.0,64.0,1109200.0,896800.0,885900.0
854,20230417,ZATA,65.0,0.0,66.0,61.0,62.0,41416200.0,-3.0,2612554200.0,4941.0,62.0,126100.0,61.0,4239100.0,44800.0,379700.0
857,20230418,ZATA,62.0,0.0,63.0,59.0,59.0,19687500.0,-3.0,1184688400.0,2032.0,60.0,1703900.0,59.0,1864000.0,122900.0,0.0
857,20230426,ZATA,59.0,0.0,63.0,59.0,60.0,26883800.0,1.0,1643530600.0,2675.0,61.0,1890700.0,60.0,69100.0,1001400.0,1260300.0
857,20230427,ZATA,60.0,0.0,61.0,58.0,60.0,14520400.0,0.0,865321200.0,1155.0,60.0,1411100.0,59.0,126300.0,756000.0,1592000.0
857,20230428,ZATA,60.0,0.0,60.0,56.0,56.0,43185000.0,-4.0,2468748100.0,1650.0,57.0,3488300.0,56.0,6854100.0,56600.0,2611100.0
857,20230502,ZATA,56.0,0.0,60.0,56.0,59.0,34393900.0,3.0,2009154700.0,2241.0,59.0,92200.0,58.0,14638100.0,1293700.0,8289800.0
857,20230503,ZATA,59.0,0.0,59.0,56.0,57.0,13877700.0,-2.0,797113100.0,1125.0,58.0,2644100.0,57.0,92300.0,431800.0,526300.0
857,20230504,ZATA,57.0,0.0,60.0,56.0,57.0,27547100.0,0.0,1589976100.0,2956.0,57.0,683500.0,56.0,3551100.0,5798600.0,143800.0
857,20230505,ZATA,57.0,0.0,58.0,54.0,55.0,21394300.0,-2.0,1181370800.0,1022.0,55.0,270900.0,54.0,5076300.0,2416600.0,150500.0
861,20230508,ZATA,55.0,0.0,55.0,52.0,52.0,42617200.0,-3.0,2252702800.0,3460.0,52.0,459000.0,0.0,0.0,5175000.0,2357400.0
862,20230509,ZATA,52.0,0.0,53.0,50.0,50.0,42666800.0,-2.0,2155957600.0,1227.0,51.0,1343000.0,50.0,28656400.0,0.0,4271100.0
862,20230510,ZATA,50.0,0.0,55.0,50.0,52.0,55229500.0,2.0,2888656800.0,3100.0,52.0,3382400.0,51.0,11052700.0,4705900.0,9021300.0
862,20230511,ZATA,52.0,0.0,55.0,51.0,51.0,32251000.0,-1.0,1687445300.0,1974.0,52.0,5568900.0,51.0,16127600.0,5942900.0,1233900.0
863,20230512,ZATA,51.0,0.0,52.0,50.0,50.0,15535100.0,-1.0,784285200.0,504.0,51.0,2237100.0,50.0,19204100.0,34600.0,820300.0
863,20230515,ZATA,50.0,0.0,51.0,50.0,50.0,11769200.0,0.0,591338100.0,498.0,51.0,5890300.0,50.0,12244800.0,0.0,777000.0
863,20230516,ZATA,50.0,0.0,51.0,50.0,50.0,21891600.0,0.0,1095092900.0,879.0,50.0,568000.0,0.0,0.0,0.0,100000.0
863,20230517,ZATA,50.0,0.0,50.0,50.0,50.0,1592600.0,0.0,79630000.0,232.0,50.0,10035400.0,0.0,0.0,0.0,0.0
863,20230519,ZATA,50.0,0.0,50.0,50.0,50.0,493800.0,0.0,24690000.0,115.0,50.0,16563600.0,0.0,0.0,0.0,0.0
863,20230522,ZATA,50.0,0.0,50.0,50.0,50.0,2271300.0,0.0,113565000.0,105.0,50.0,11774600.0,0.0,0.0,0.0,0.0
863,20230523,ZATA,50.0,0.0,50.0,50.0,50.0,1262200.0,0.0,63110000.0,128.0,50.0,17243100.0,0.0,0.0,0.0,0.0
863,20230524,ZATA,50.0,0.0,50.0,50.0,50.0,418700.0,0.0,20935000.0,71.0,50.0,12891800.0,0.0,0.0,0.0,0.0
863,20230525,ZATA,50.0,0.0,50.0,50.0,50.0,368900.0,0.0,18445000.0,77.0,50.0,11742100.0,0.0,0.0,0.0,0.0
863,20230526,ZATA,50.0,0.0,50.0,50.0,50.0,326100.0,0.0,16305000.0,87.0,50.0,14524500.0,0.0,0.0,0.0,0.0
863,20230529,ZATA,50.0,0.0,50.0,50.0,50.0,219800.0,0.0,10990000.0,42.0,50.0,18971300.0,0.0,0.0,0.0,0.0
863,20230530,ZATA,50.0,0.0,50.0,50.0,50.0,927800.0,0.0,46390000.0,77.0,50.0,13751600.0,0.0,0.0,0.0,0.0
863,20230531,ZATA,50.0,0.0,50.0,50.0,50.0,182300.0,0.0,9115000.0,73.0,50.0,14401700.0,0.0,0.0,0.0,100.0
863,20230605,ZATA,50.0,0.0,50.0,50.0,50.0,173100.0,0.0,8655000.0,75.0,50.0,12845000.0,0.0,0.0,0.0,20000.0
863,20230606,ZATA,50.0,0.0,50.0,50.0,50.0,509700.0,0.0,25485000.0,56.0,50.0,13796500.0,0.0,0.0,0.0,0.0
863,20230607,ZATA,50.0,0.0,50.0,50.0,50.0,77500.0,0.0,3875000.0,46.0,50.0,13250600.0,0.0,0.0,0.0,0.0
863,20230608,ZATA,50.0,0.0,50.0,50.0,50.0,78600.0,0.0,3930000.0,40.0,50.0,19700200.0,0.0,0.0,0.0,0.0
863,20230609,ZATA,50.0,0.0,50.0,50.0,50.0,13300.0,0.0,665000.0,28.0,50.0,17372500.0,0.0,0.0,0.0,0.0
865,20230612,ZATA,50.0,0.0,50.0,50.0,50.0,26400.0,0.0,1320000.0,31.0,50.0,20024400.0,0.0,0.0,0.0,0.0
865,20230613,ZATA,50.0,0.0,50.0,50.0,50.0,29600.0,0.0,1480000.0,29.0,50.0,18698800.0,0.0,0.0,0.0,0.0
865,20230614,ZATA,50.0,0.0,50.0,50.0,50.0,63800.0,0.0,3190000.0,32.0,50.0,18953000.0,0.0,0.0,0.0,0.0
865,20230615,ZATA,50.0,0.0,50.0,50.0,50.0,251600.0,0.0,12580000.0,237.0,50.0,22876000.0,0.0,0.0,0.0,0.0
865,20230616,ZATA,50.0,0.0,50.0,50.0,50.0,47800.0,0.0,2390000.0,34.0,50.0,16415600.0,0.0,0.0,0.0,0.0
866,20230619,ZATA,50.0,0.0,50.0,50.0,50.0,745100.0,0.0,37255000.0,38.0,50.0,17009400.0,0.0,0.0,0.0,0.0
866,20230620,ZATA,50.0,0.0,50.0,50.0,50.0,78400.0,0.0,3920000.0,47.0,50.0,22656700.0,0.0,0.0,0.0,0.0
866,20230621,ZATA,50.0,0.0,50.0,50.0,50.0,70200.0,0.0,3510000.0,28.0,50.0,27976500.0,0.0,0.0,0.0,0.0
867,20230622,ZATA,50.0,0.0,50.0,50.0,50.0,85900.0,0.0,4295000.0,40.0,50.0,18981100.0,0.0,0.0,0.0,0.0
867,20230623,ZATA,50.0,0.0,50.0,50.0,50.0,77400.0,0.0,3870000.0,27.0,50.0,23263500.0,0.0,0.0,0.0,0.0
867,20230626,ZATA,50.0,0.0,50.0,50.0,50.0,238300.0,0.0,11915000.0,39.0,50.0,25897000.0,0.0,0.0,0.0,0.0
867,20230627,ZATA,50.0,0.0,50.0,50.0,50.0,20200.0,0.0,1010000.0,15.0,50.0,22259800.0,0.0,0.0,0.0,0.0
867,20230703,ZATA,50.0,0.0,50.0,50.0,50.0,75000.0,0.0,3750000.0,25.0,50.0,32505500.0,0.0,0.0,0.0,0.0
867,20230704,ZATA,50.0,0.0,50.0,50.0,50.0,9800.0,0.0,490000.0,11.0,50.0,29959900.0,0.0,0.0,0.0,0.0
867,20230705,ZATA,50.0,0.0,50.0,50.0,50.0,34900.0,0.0,1745000.0,18.0,50.0,25375000.0,0.0,0.0,0.0,0.0
867,20230706,ZATA,50.0,0.0,50.0,50.0,50.0,38600.0,0.0,1930000.0,19.0,50.0,25179600.0,0.0,0.0,0.0,0.0
868,20230707,ZATA,50.0,0.0,50.0,50.0,50.0,4300.0,0.0,215000.0,15.0,50.0,23561400.0,0.0,0.0,0.0,0.0
872,20230710,ZATA,50.0,0.0,50.0,50.0,50.0,115400.0,0.0,5770000.0,216.0,50.0,27092000.0,0.0,0.0,0.0,0.0
872,20230711,ZATA,50.0,0.0,50.0,50.0,50.0,67100.0,0.0,3355000.0,26.0,50.0,27732200.0,0.0,0.0,0.0,0.0
872,20230712,ZATA,50.0,0.0,50.0,50.0,50.0,22700.0,0.0,1135000.0,10.0,50.0,29389900.0,0.0,0.0,0.0,0.0
872,20230713,ZATA,50.0,0.0,50.0,50.0,50.0,9400.0,0.0,470000.0,14.0,50.0,25947400.0,0.0,0.0,0.0,0.0
872,20230714,ZATA,50.0,0.0,50.0,50.0,50.0,14500.0,0.0,725000.0,20.0,50.0,21707600.0,0.0,0.0,0.0,0.0
872,20230717,ZATA,50.0,0.0,50.0,50.0,50.0,73800.0,0.0,3690000.0,24.0,50.0,22025400.0,0.0,0.0,0.0,0.0
872,20230718,ZATA,50.0,0.0,50.0,50.0,50.0,7900.0,0.0,395000.0,12.0,50.0,22872500.0,0.0,0.0,0.0,0.0
872,20230720,ZATA,50.0,0.0,50.0,50.0,50.0,84200.0,0.0,4210000.0,47.0,50.0,19294600.0,0.0,0.0,0.0,0.0
872,20230721,ZATA,50.0,0.0,50.0,50.0,50.0,5600.0,0.0,280000.0,9.0,50.0,20669700.0,0.0,0.0,0.0,0.0
873,20230724,ZATA,50.0,0.0,50.0,50.0,50.0,67400.0,0.0,3370000.0,30.0,50.0,20981900.0,0.0,0.0,0.0,0.0
874,20230725,ZATA,50.0,0.0,50.0,50.0,50.0,14900.0,0.0,745000.0,19.0,50.0,18880900.0,0.0,0.0,0.0,0.0
874,20230726,ZATA,50.0,0.0,50.0,50.0,50.0,43400.0,0.0,2170000.0,12.0,50.0,21640600.0,0.0,0.0,0.0,0.0
874,20230727,ZATA,50.0,0.0,50.0,50.0,50.0,4100.0,0.0,205000.0,9.0,50.0,24257600.0,0.0,0.0,0.0,0.0
874,20230728,ZATA,50.0,0.0,50.0,50.0,50.0,7100.0,0.0,355000.0,8.0,50.0,20844500.0,0.0,0.0,0.0,0.0
875,20230731,ZATA,50.0,0.0,50.0,50.0,50.0,13500.0,0.0,675000.0,8.0,50.0,23780800.0,0.0,0.0,0.0,0.0
875,20230801,ZATA,50.0,0.0,50.0,50.0,50.0,15700.0,0.0,785000.0,88.0,50.0,31878500.0,0.0,0.0,0.0,0.0
876,20230802,ZATA,50.0,0.0,50.0,50.0,50.0,25300.0,0.0,1265000.0,9.0,50.0,30740200.0,0.0,0.0,0.0,0.0
876,20230803,ZATA,50.0,0.0,50.0,50.0,50.0,9400.0,0.0,470000.0,9.0,50.0,31681700.0,0.0,0.0,0.0,0.0
876,20230804,ZATA,50.0,0.0,50.0,50.0,50.0,19900.0,0.0,995000.0,36.0,50.0,32751800.0,0.0,0.0,0.0,0.0
878,20230807,ZATA,50.0,0.0,50.0,50.0,50.0,252100.0,0.0,12605000.0,32.0,50.0,31420800.0,0.0,0.0,0.0,0.0
882,20230808,ZATA,50.0,0.0,50.0,50.0,50.0,114000.0,0.0,5700000.0,20.0,50.0,32017100.0,0.0,0.0,0.0,0.0
885,20230809,ZATA,50.0,0.0,50.0,50.0,50.0,35400.0,0.0,1770000.0,11.0,50.0,30941900.0,0.0,0.0,0.0,0.0
886,20230810,ZATA,50.0,0.0,50.0,50.0,50.0,1500.0,0.0,75000.0,7.0,50.0,28761800.0,0.0,0.0,0.0,0.0
886,20230811,ZATA,50.0,0.0,50.0,50.0,50.0,39700.0,0.0,1985000.0,12.0,50.0,31359100.0,0.0,0.0,0.0,0.0
886,20230814,ZATA,50.0,0.0,50.0,50.0,50.0,526600.0,0.0,26330000.0,15.0,50.0,32744400.0,0.0,0.0,0.0,0.0
886,20230815,ZATA,50.0,0.0,50.0,50.0,50.0,15100.0,0.0,755000.0,16.0,50.0,29723600.0,0.0,0.0,0.0,0.0
886,20230816,ZATA,50.0,0.0,50.0,50.0,50.0,422700.0,0.0,21135000.0,10.0,50.0,29487500.0,0.0,0.0,0.0,0.0
886,20230818,ZATA,50.0,0.0,50.0,50.0,50.0,27800.0,0.0,1390000.0,8.0,50.0,31577200.0,0.0,0.0,0.0,0.0
886,20230821,ZATA,50.0,0.0,50.0,50.0,50.0,56700.0,0.0,2835000.0,12.0,50.0,29302500.0,0.0,0.0,0.0,0.0
886,20230822,ZATA,50.0,0.0,50.0,50.0,50.0,22000.0,0.0,1100000.0,10.0,50.0,29920300.0,0.0,0.0,0.0,0.0
886,20230823,ZATA,50.0,0.0,50.0,50.0,50.0,11400.0,0.0,570000.0,8.0,50.0,33558700.0,0.0,0.0,0.0,0.0
886,20230824,ZATA,50.0,0.0,50.0,50.0,50.0,7100.0,0.0,355000.0,11.0,50.0,27788900.0,0.0,0.0,0.0,0.0
886,20230825,ZATA,50.0,0.0,50.0,50.0,50.0,311400.0,0.0,15570000.0,13.0,50.0,28596900.0,0.0,0.0,0.0,0.0
887,20230828,ZATA,50.0,0.0,50.0,50.0,50.0,6800.0,0.0,340000.0,16.0,50.0,29186900.0,0.0,0.0,0.0,0.0
887,20230829,ZATA,50.0,0.0,50.0,50.0,50.0,8300.0,0.0,415000.0,9.0,50.0,29685900.0,0.0,0.0,0.0,0.0
887,20230830,ZATA,50.0,0.0,50.0,50.0,50.0,55500.0,0.0,2775000.0,10.0,50.0,29475600.0,0.0,0.0,0.0,0.0
887,20230831,ZATA,50.0,0.0,50.0,50.0,50.0,28700.0,0.0,1435000.0,14.0,50.0,30097400.0,0.0,0.0,0.0,0.0
887,20230901,ZATA,50.0,0.0,50.0,50.0,50.0,7500.0,0.0,375000.0,16.0,50.0,28613600.0,0.0,0.0,0.0,0.0
887,20230904,ZATA,50.0,0.0,50.0,50.0,50.0,11400.0,0.0,570000.0,6.0,50.0,33124600.0,0.0,0.0,0.0,0.0
887,20230905,ZATA,50.0,0.0,50.0,50.0,50.0,41300.0,0.0,2065000.0,16.0,50.0,27354000.0,0.0,0.0,0.0,0.0
887,20230906,ZATA,50.0,0.0,50.0,50.0,50.0,38800.0,0.0,1940000.0,18.0,50.0,28571900.0,0.0,0.0,0.0,0.0
888,20230907,ZATA,50.0,0.0,50.0,50.0,50.0,13100.0,0.0,655000.0,12.0,50.0,30339700.0,0.0,0.0,0.0,0.0
888,20230908,ZATA,50.0,0.0,50.0,50.0,50.0,21700.0,0.0,1085000.0,18.0,50.0,28760000.0,0.0,0.0,0.0,0.0
889,20230911,ZATA,50.0,0.0,50.0,50.0,50.0,11400.0,0.0,570000.0,7.0,50.0,28535200.0,0.0,0.0,0.0,0.0
889,20230912,ZATA,50.0,0.0,50.0,50.0,50.0,6400.0,0.0,320000.0,10.0,50.0,27683300.0,0.0,0.0,0.0,0.0
889,20230913,ZATA,50.0,0.0,50.0,50.0,50.0,21700.0,0.0,1085000.0,13.0,50.0,30096300.0,0.0,0.0,0.0,0.0
889,20230914,ZATA,50.0,0.0,50.0,50.0,50.0,39700.0,0.0,1985000.0,14.0,50.0,27528400.0,0.0,0.0,0.0,0.0
889,20230915,ZATA,50.0,0.0,50.0,50.0,50.0,1700.0,0.0,85000.0,5.0,50.0,29636200.0,0.0,0.0,0.0,0.0
889,20230918,ZATA,50.0,0.0,50.0,50.0,50.0,2500.0,0.0,125000.0,6.0,50.0,29102500.0,0.0,0.0,0.0,0.0
889,20230919,ZATA,50.0,0.0,50.0,50.0,50.0,43800.0,0.0,2190000.0,11.0,50.0,31109200.0,0.0,0.0,0.0,0.0
889,20230920,ZATA,50.0,0.0,50.0,50.0,50.0,11400.0,0.0,570000.0,5.0,50.0,30667100.0,0.0,0.0,0.0,0.0
889,20230921,ZATA,50.0,0.0,50.0,50.0,50.0,500.0,0.0,25000.0,3.0,50.0,30528600.0,0.0,0.0,0.0,0.0
889,20230922,ZATA,50.0,0.0,50.0,50.0,50.0,1300.0,0.0,65000.0,8.0,50.0,27890100.0,0.0,0.0,0.0,0.0
889,20230925,ZATA,50.0,0.0,50.0,50.0,50.0,223200.0,0.0,11160000.0,15.0,50.0,29959600.0,0.0,0.0,0.0,100000.0
889,20230926,ZATA,50.0,0.0,50.0,50.0,50.0,113700.0,0.0,5685000.0,13.0,50.0,29110000.0,0.0,0.0,0.0,50000.0
889,20230927,ZATA,50.0,0.0,50.0,50.0,50.0,131500.0,0.0,6575000.0,8.0,50.0,31120200.0,0.0,0.0,0.0,400.0
889,20230929,ZATA,50.0,0.0,50.0,50.0,50.0,49200.0,0.0,2460000.0,266.0,50.0,25234600.0,0.0,0.0,0.0,0.0
889,20231002,ZATA,50.0,0.0,50.0,50.0,50.0,9200.0,0.0,460000.0,9.0,50.0,36105900.0,0.0,0.0,0.0,0.0
889,20231003,ZATA,50.0,0.0,50.0,50.0,50.0,65800.0,0.0,3290000.0,21.0,50.0,34035300.0,0.0,0.0,0.0,100.0
889,20231004,ZATA,50.0,0.0,50.0,50.0,50.0,35300.0,0.0,1765000.0,13.0,50.0,29757400.0,0.0,0.0,0.0,0.0
889,20231005,ZATA,50.0,0.0,50.0,50.0,50.0,16900.0,0.0,845000.0,12.0,50.0,25008800.0,0.0,0.0,0.0,0.0
891,20231006,ZATA,50.0,0.0,50.0,50.0,50.0,4700.0,0.0,235000.0,10.0,50.0,24444600.0,0.0,0.0,0.0,0.0
893,20231009,ZATA,50.0,0.0,50.0,50.0,50.0,27700.0,0.0,1385000.0,6.0,50.0,28983200.0,0.0,0.0,0.0,0.0
894,20231010,ZATA,50.0,0.0,50.0,50.0,50.0,10400.0,0.0,520000.0,13.0,50.0,25141800.0,0.0,0.0,0.0,0.0
896,20231011,ZATA,50.0,0.0,50.0,50.0,50.0,5300.0,0.0,265000.0,3.0,50.0,27761000.0,0.0,0.0,0.0,0.0
896,20231012,ZATA,50.0,0.0,50.0,50.0,50.0,19400.0,0.0,970000.0,8.0,50.0,25425600.0,0.0,0.0,0.0,0.0
896,20231013,ZATA,50.0,0.0,50.0,50.0,50.0,12900.0,0.0,645000.0,8.0,50.0,24871800.0,0.0,0.0,0.0,0.0
896,20231016,ZATA,50.0,0.0,50.0,50.0,50.0,9500.0,0.0,475000.0,6.0,50.0,26599000.0,0.0,0.0,0.0,0.0
896,20231017,ZATA,50.0,0.0,50.0,50.0,50.0,50500.0,0.0,2525000.0,16.0,50.0,24031500.0,0.0,0.0,0.0,0.0
896,20231018,ZATA,50.0,0.0,50.0,50.0,50.0,8500.0,0.0,425000.0,10.0,50.0,27293000.0,0.0,0.0,0.0,0.0
896,20231019,ZATA,50.0,0.0,50.0,50.0,50.0,61700.0,0.0,3085000.0,16.0,50.0,24707100.0,0.0,0.0,0.0,0.0
896,20231020,ZATA,50.0,0.0,50.0,50.0,50.0,3600.0,0.0,180000.0,6.0,50.0,22590000.0,0.0,0.0,0.0,0.0
896,20231023,ZATA,50.0,0.0,50.0,50.0,50.0,22700.0,0.0,1135000.0,13.0,50.0,23343000.0,0.0,0.0,0.0,0.0
896,20231024,ZATA,50.0,0.0,50.0,50.0,50.0,22500.0,0.0,1125000.0,8.0,50.0,26845800.0,0.0,0.0,0.0,0.0
896,20231025,ZATA,50.0,0.0,50.0,50.0,50.0,9400.0,0.0,470000.0,8.0,50.0,23246900.0,0.0,0.0,0.0,0.0
896,20231026,ZATA,50.0,0.0,50.0,50.0,50.0,33100.0,0.0,1655000.0,11.0,50.0,24032400.0,0.0,0.0,0.0,0.0
896,20231027,ZATA,50.0,0.0,50.0,50.0,50.0,600.0,0.0,30000.0,2.0,50.0,22635200.0,0.0,0.0,0.0,0.0
896,20231030,ZATA,50.0,0.0,50.0,50.0,50.0,700.0,0.0,35000.0,7.0,50.0,24943700.0,0.0,0.0,0.0,0.0
897,20231031,ZATA,50.0,0.0,50.0,50.0,50.0,5400.0,0.0,270000.0,7.0,50.0,23806400.0,0.0,0.0,0.0,0.0
897,20231101,ZATA,50.0,0.0,50.0,50.0,50.0,56700.0,0.0,2835000.0,10.0,50.0,23594100.0,0.0,0.0,0.0,0.0
897,20231102,ZATA,50.0,0.0,50.0,50.0,50.0,15200.0,0.0,760000.0,7.0,50.0,22312500.0,0.0,0.0,0.0,0.0
897,20231103,ZATA,50.0,0.0,50.0,50.0,50.0,15100.0,0.0,755000.0,9.0,50.0,24693800.0,0.0,0.0,0.0,0.0
897,20231106,ZATA,50.0,0.0,50.0,50.0,50.0,13800.0,0.0,690000.0,5.0,50.0,27210100.0,0.0,0.0,0.0,0.0
897,20231107,ZATA,50.0,0.0,50.0,50.0,50.0,30200.0,0.0,1510000.0,4.0,50.0,24185200.0,0.0,0.0,0.0,0.0
900,20231108,ZATA,50.0,0.0,50.0,50.0,50.0,42900.0,0.0,2145000.0,6.0,50.0,24033600.0,0.0,0.0,0.0,0.0
900,20231109,ZATA,50.0,0.0,50.0,50.0,50.0,24200.0,0.0,1210000.0,4.0,50.0,23158900.0,0.0,0.0,0.0,0.0
900,20231110,ZATA,50.0,0.0,50.0,50.0,50.0,6600.0,0.0,330000.0,4.0,50.0,26352200.0,0.0,0.0,0.0,0.0
900,20231113,ZATA,50.0,0.0,50.0,50.0,50.0,14700.0,0.0,735000.0,13.0,50.0,24003500.0,0.0,0.0,0.0,0.0
900,20231114,ZATA,50.0,0.0,50.0,50.0,50.0,8400.0,0.0,420000.0,5.0,50.0,15102800.0,0.0,0.0,0.0,0.0
900,20231115,ZATA,50.0,0.0,50.0,50.0,50.0,600.0,0.0,30000.0,2.0,50.0,15503300.0,0.0,0.0,0.0,0.0
900,20231116,ZATA,50.0,0.0,50.0,50.0,50.0,24900.0,0.0,1245000.0,8.0,50.0,16723300.0,0.0,0.0,0.0,0.0
900,20231117,ZATA,50.0,0.0,50.0,50.0,50.0,1400.0,0.0,70000.0,2.0,50.0,16859500.0,0.0,0.0,0.0,0.0
900,20231120,ZATA,50.0,0.0,50.0,50.0,50.0,8300.0,0.0,415000.0,7.0,50.0,18403900.0,0.0,0.0,0.0,0.0
900,20231121,ZATA,50.0,0.0,50.0,50.0,50.0,52500.0,0.0,2625000.0,27.0,50.0,97152600.0,0.0,0.0,0.0,0.0
900,20231122,ZATA,50.0,0.0,50.0,50.0,50.0,42500.0,0.0,2125000.0,9.0,50.0,94286100.0,0.0,0.0,0.0,0.0
900,20231123,ZATA,50.0,0.0,50.0,50.0,50.0,6000.0,0.0,300000.0,7.0,50.0,92401700.0,0.0,0.0,0.0,0.0
900,20231124,ZATA,50.0,0.0,50.0,50.0,50.0,5600.0,0.0,280000.0,5.0,50.0,93297200.0,0.0,0.0,0.0,0.0
900,20231127,ZATA,50.0,0.0,50.0,50.0,50.0,220000.0,0.0,11000000.0,14.0,50.0,95316100.0,0.0,0.0,0.0,0.0
900,20231128,ZATA,50.0,0.0,50.0,50.0,50.0,6300.0,0.0,315000.0,10.0,50.0,93627100.0,0.0,0.0,0.0,0.0
900,20231129,ZATA,50.0,0.0,50.0,50.0,50.0,200.0,0.0,10000.0,2.0,50.0,91071400.0,0.0,0.0,0.0,0.0
901,20231130,ZATA,50.0,0.0,50.0,50.0,50.0,43000.0,0.0,2150000.0,6.0,50.0,92739400.0,0.0,0.0,0.0,0.0
901,20231201,ZATA,50.0,0.0,50.0,50.0,50.0,25600.0,0.0,1280000.0,14.0,50.0,103452300.0,0.0,0.0,0.0,0.0
901,20231204,ZATA,50.0,0.0,50.0,50.0,50.0,86200.0,0.0,4310000.0,10.0,50.0,101235700.0,0.0,0.0,0.0,0.0
901,20231205,ZATA,50.0,0.0,50.0,50.0,50.0,300.0,0.0,15000.0,3.0,50.0,97649200.0,0.0,0.0,0.0,0.0
901,20231206,ZATA,50.0,0.0,50.0,50.0,50.0,3100.0,0.0,155000.0,7.0,50.0,97389100.0,0.0,0.0,0.0,0.0
902,20231207,ZATA,50.0,0.0,50.0,50.0,50.0,400.0,0.0,20000.0,2.0,50.0,95837300.0,0.0,0.0,0.0,0.0
902,20231208,ZATA,50.0,0.0,50.0,50.0,50.0,6500.0,0.0,325000.0,6.0,50.0,93342900.0,0.0,0.0,0.0,0.0
902,20231211,ZATA,50.0,0.0,50.0,50.0,50.0,1700.0,0.0,85000.0,2.0,50.0,95388100.0,0.0,0.0,0.0,0.0
902,20231212,ZATA,50.0,0.0,50.0,50.0,50.0,300.0,0.0,15000.0,3.0,50.0,97206200.0,0.0,0.0,0.0,0.0
902,20231213,ZATA,50.0,0.0,50.0,50.0,50.0,4100.0,0.0,205000.0,14.0,50.0,95699200.0,0.0,0.0,0.0,0.0
902,20231214,ZATA,50.0,0.0,50.0,50.0,50.0,6800.0,0.0,340000.0,60.0,50.0,95193100.0,0.0,0.0,0.0,0.0
902,20231215,ZATA,50.0,0.0,50.0,50.0,50.0,3400.0,0.0,170000.0,3.0,50.0,93488400.0,0.0,0.0,0.0,0.0
902,20231218,ZATA,50.0,0.0,50.0,50.0,50.0,2500.0,0.0,125000.0,5.0,50.0,97742700.0,0.0,0.0,0.0,0.0
902,20231219,ZATA,50.0,0.0,50.0,50.0,50.0,380300.0,0.0,19015000.0,9.0,50.0,97874600.0,0.0,0.0,0.0,0.0
902,20231220,ZATA,50.0,0.0,50.0,50.0,50.0,5800.0,0.0,290000.0,7.0,50.0,98049400.0,0.0,0.0,0.0,0.0
902,20231221,ZATA,50.0,0.0,50.0,50.0,50.0,2500.0,0.0,125000.0,9.0,50.0,94452500.0,0.0,0.0,0.0,0.0
902,20231222,ZATA,50.0,0.0,50.0,50.0,50.0,8800.0,0.0,440000.0,3.0,50.0,92063000.0,0.0,0.0,0.0,0.0
902,20231227,ZATA,50.0,0.0,50.0,50.0,50.0,14500.0,0.0,725000.0,4.0,50.0,97293300.0,0.0,0.0,0.0,0.0
902,20231228,ZATA,50.0,0.0,50.0,50.0,50.0,1800.0,0.0,90000.0,4.0,50.0,97214100.0,0.0,0.0,0.0,0.0
902,20231229,ZATA,50.0,0.0,50.0,50.0,50.0,3700.0,0.0,185000.0,4.0,50.0,94406800.0,0.0,0.0,0.0,0.0
902,20240102,ZATA,50.0,0.0,50.0,50.0,50.0,24700.0,0.0,1235000.0,10.0,50.0,97626600.0,0.0,0.0,0.0,0.0
902,20240103,ZATA,50.0,0.0,50.0,50.0,50.0,16900.0,0.0,845000.0,5.0,50.0,96369800.0,0.0,0.0,0.0,0.0
902,20240104,ZATA,50.0,0.0,50.0,50.0,50.0,6500.0,0.0,325000.0,5.0,50.0,95389700.0,0.0,0.0,0.0,0.0
903,20240105,ZATA,50.0,0.0,50.0,50.0,50.0,11900.0,0.0,595000.0,14.0,50.0,96061000.0,0.0,0.0,0.0,0.0
904,20240108,ZATA,50.0,0.0,50.0,50.0,50.0,4900.0,0.0,245000.0,7.0,50.0,93913500.0,0.0,0.0,0.0,0.0
905,20240109,ZATA,50.0,0.0,50.0,50.0,50.0,7600.0,0.0,380000.0,6.0,50.0,94166000.0,0.0,0.0,0.0,0.0
907,20240110,ZATA,50.0,0.0,50.0,50.0,50.0,2200.0,0.0,110000.0,6.0,50.0,94598700.0,0.0,0.0,0.0,0.0
909,20240111,ZATA,50.0,0.0,50.0,50.0,50.0,400.0,0.0,20000.0,3.0,50.0,93009300.0,0.0,0.0,0.0,0.0
909,20240112,ZATA,50.0,0.0,50.0,50.0,50.0,2300.0,0.0,115000.0,3.0,50.0,95050000.0,0.0,0.0,0.0,0.0
909,20240115,ZATA,50.0,0.0,50.0,50.0,50.0,13900.0,0.0,695000.0,12.0,50.0,98216700.0,0.0,0.0,0.0,0.0
908,20240116,ZATA,50.0,0.0,50.0,50.0,50.0,41400.0,0.0,2070000.0,10.0,50.0,97239800.0,0.0,0.0,0.0,0.0
908,20240117,ZATA,50.0,0.0,50.0,50.0,50.0,5700.0,0.0,285000.0,4.0,50.0,98364000.0,0.0,0.0,0.0,0.0
909,20240118,ZATA,50.0,0.0,50.0,50.0,50.0,8500.0,0.0,425000.0,6.0,50.0,99620600.0,0.0,0.0,0.0,0.0
909,20240119,ZATA,50.0,0.0,50.0,50.0,50.0,8600.0,0.0,430000.0,4.0,50.0,98598500.0,0.0,0.0,0.0,0.0
909,20240122,ZATA,50.0,0.0,50.0,50.0,50.0,66900.0,0.0,3345000.0,11.0,50.0,102449000.0,0.0,0.0,0.0,0.0
909,20240123,ZATA,50.0,0.0,50.0,50.0,50.0,9900.0,0.0,495000.0,6.0,50.0,98004000.0,0.0,0.0,0.0,0.0
909,20240124,ZATA,50.0,0.0,0.0,0.0,50.0,0.0,0.0,0.0,0.0,50.0,97850600.0,0.0,0.0,0.0,0.0
909,20240125,ZATA,50.0,0.0,50.0,50.0,50.0,2100.0,0.0,105000.0,2.0,50.0,97140800.0,0.0,0.0,0.0,0.0
909,20240126,ZATA,50.0,0.0,50.0,50.0,50.0,2000.0,0.0,100000.0,3.0,50.0,93522800.0,0.0,0.0,0.0,0.0
909,20240129,ZATA,50.0,0.0,50.0,50.0,50.0,2100.0,0.0,105000.0,3.0,50.0,98340500.0,0.0,0.0,0.0,0.0
910,20240130,ZATA,50.0,0.0,50.0,50.0,50.0,100.0,0.0,5000.0,1.0,50.0,100115400.0,0.0,0.0,0.0,0.0
910,20240131,ZATA,50.0,0.0,50.0,50.0,50.0,6100.0,0.0,305000.0,3.0,50.0,98909800.0,0.0,0.0,0.0,0.0
910,20240201,ZATA,50.0,0.0,50.0,50.0,50.0,18500.0,0.0,925000.0,5.0,50.0,98019100.0,0.0,0.0,0.0,0.0
910,20240202,ZATA,50.0,0.0,50.0,50.0,50.0,14900.0,0.0,745000.0,8.0,50.0,97284500.0,0.0,0.0,0.0,0.0
910,20240205,ZATA,50.0,0.0,50.0,50.0,50.0,1300.0,0.0,65000.0,3.0,50.0,99691200.0,0.0,0.0,0.0,0.0
910,20240206,ZATA,50.0,0.0,50.0,50.0,50.0,30200.0,0.0,1510000.0,6.0,50.0,100132700.0,0.0,0.0,0.0,0.0
914,20240207,ZATA,50.0,0.0,50.0,50.0,50.0,1500.0,0.0,75000.0,1.0,50.0,98416300.0,0.0,0.0,0.0,0.0
917,20240212,ZATA,50.0,0.0,50.0,50.0,50.0,2100.0,0.0,105000.0,2.0,50.0,100275800.0,0.0,0.0,0.0,0.0
918,20240213,ZATA,50.0,0.0,50.0,50.0,50.0,2200.0,0.0,110000.0,2.0,50.0,96833500.0,0.0,0.0,0.0,0.0
919,20240215,ZATA,50.0,0.0,50.0,50.0,50.0,65000.0,0.0,3250000.0,5.0,50.0,96911300.0,0.0,0.0,0.0,0.0
919,20240216,ZATA,50.0,0.0,50.0,50.0,50.0,64300.0,0.0,3215000.0,8.0,50.0,95454600.0,0.0,0.0,0.0,0.0
919,20240219,ZATA,50.0,0.0,50.0,50.0,50.0,8700.0,0.0,435000.0,3.0,50.0,106443900.0,0.0,0.0,0.0,0.0
919,20240220,ZATA,50.0,0.0,50.0,50.0,50.0,2600.0,0.0,130000.0,5.0,50.0,100298800.0,0.0,0.0,0.0,0.0
919,20240221,ZATA,50.0,0.0,50.0,50.0,50.0,60800.0,0.0,3040000.0,8.0,50.0,99410700.0,0.0,0.0,0.0,0.0
919,20240222,ZATA,50.0,0.0,50.0,50.0,50.0,3100.0,0.0,155000.0,8.0,50.0,100303000.0,0.0,0.0,0.0,0.0
919,20240223,ZATA,50.0,0.0,50.0,50.0,50.0,9200.0,0.0,460000.0,4.0,50.0,101434000.0,0.0,0.0,0.0,0.0
919,20240226,ZATA,50.0,0.0,50.0,50.0,50.0,700.0,0.0,35000.0,3.0,50.0,97412700.0,0.0,0.0,0.0,0.0
920,20240227,ZATA,50.0,0.0,50.0,50.0,50.0,500.0,0.0,25000.0,3.0,50.0,98067900.0,0.0,0.0,0.0,0.0
920,20240228,ZATA,50.0,0.0,50.0,50.0,50.0,1300.0,0.0,65000.0,6.0,50.0,96160400.0,0.0,0.0,0.0,0.0
920,20240229,ZATA,50.0,0.0,50.0,50.0,50.0,5100.0,0.0,255000.0,3.0,50.0,96279700.0,0.0,0.0,0.0,0.0
920,20240301,ZATA,50.0,0.0,50.0,50.0,50.0,400.0,0.0,20000.0,4.0,50.0,95620300.0,0.0,0.0,0.0,0.0
920,20240304,ZATA,50.0,0.0,50.0,50.0,50.0,3200.0,0.0,160000.0,5.0,50.0,104106700.0,0.0,0.0,0.0,0.0
920,20240305,ZATA,50.0,0.0,50.0,50.0,50.0,3900.0,0.0,195000.0,4.0,50.0,98643400.0,0.0,0.0,0.0,0.0
920,20240306,ZATA,50.0,0.0,50.0,50.0,50.0,2400.0,0.0,120000.0,4.0,50.0,101100000.0,0.0,0.0,0.0,0.0
920,20240307,ZATA,50.0,0.0,50.0,50.0,50.0,1300.0,0.0,65000.0,3.0,50.0,97810400.0,0.0,0.0,0.0,0.0
920,20240308,ZATA,50.0,0.0,50.0,50.0,50.0,200.0,0.0,10000.0,1.0,50.0,99908000.0,0.0,0.0,0.0,0.0
920,20240313,ZATA,50.0,0.0,50.0,50.0,50.0,8000.0,0.0,400000.0,8.0,50.0,103973200.0,0.0,0.0,0.0,0.0
920,20240314,ZATA,50.0,0.0,50.0,50.0,50.0,100.0,0.0,5000.0,1.0,50.0,102541100.0,0.0,0.0,0.0,0.0
920,20240315,ZATA,50.0,0.0,50.0,50.0,50.0,400.0,0.0,20000.0,4.0,50.0,102095000.0,0.0,0.0,0.0,0.0
920,20240318,ZATA,50.0,0.0,50.0,50.0,50.0,1400.0,0.0,70000.0,2.0,50.0,103585200.0,0.0,0.0,0.0,0.0
920,20240319,ZATA,50.0,0.0,50.0,50.0,50.0,12900.0,0.0,645000.0,11.0,50.0,104791700.0,0.0,0.0,0.0,0.0
920,20240320,ZATA,50.0,0.0,50.0,50.0,50.0,400.0,0.0,20000.0,3.0,50.0,105900200.0,0.0,0.0,0.0,0.0
920,20240321,ZATA,50.0,0.0,50.0,50.0,50.0,6100.0,0.0,305000.0,7.0,50.0,102602200.0,0.0,0.0,0.0,0.0
920,20240322,ZATA,50.0,0.0,50.0,50.0,50.0,1600.0,0.0,80000.0,5.0,50.0,101909500.0,0.0,0.0,0.0,0.0
920,20240325,ZATA,50.0,0.0,45.0,45.0,45.0,12600.0,-5.0,567000.0,11.0,45.0,248509100.0,0.0,0.0,0.0,0.0
920,20240326,ZATA,45.0,0.0,41.0,41.0,41.0,160000.0,-4.0,6560000.0,21.0,41.0,71501700.0,0.0,0.0,0.0,0.0
920,20240327,ZATA,41.0,0.0,37.0,37.0,37.0,72200.0,-4.0,2671400.0,27.0,37.0,77036300.0,0.0,0.0,0.0,0.0
920,20240328,ZATA,37.0,0.0,34.0,34.0,34.0,118500.0,-3.0,4029000.0,19.0,34.0,76696100.0,0.0,0.0,0.0,0.0
921,20240401,ZATA,34.0,0.0,31.0,31.0,31.0,217700.0,-3.0,6748700.0,16.0,31.0,103709400.0,0.0,0.0,0.0,0.0
921,20240402,ZATA,31.0,0.0,28.0,28.0,28.0,76900.0,-3.0,2153200.0,27.0,28.0,155809500.0,0.0,0.0,0.0,0.0
921,20240403,ZATA,28.0,0.0,26.0,26.0,26.0,47800.0,-2.0,1242800.0,18.0,26.0,235144200.0,0.0,0.0,0.0,0.0
921,20240404,ZATA,26.0,0.0,24.0,24.0,24.0,36000.0,-2.0,864000.0,30.0,24.0,235785500.0,0.0,0.0,0.0,0.0
921,20240405,ZATA,24.0,0.0,22.0,22.0,22.0,325100.0,-2.0,7152200.0,37.0,22.0,274797900.0,0.0,0.0,0.0,0.0
923,20240416,ZATA,22.0,0.0,20.0,20.0,20.0,133200.0,-2.0,2664000.0,27.0,20.0,226046800.0,0.0,0.0,17600.0,0.0
923,20240417,ZATA,20.0,0.0,18.0,18.0,18.0,94100.0,-2.0,1693800.0,22.0,18.0,81751300.0,0.0,0.0,33900.0,17600.0
923,20240418,ZATA,18.0,0.0,17.0,17.0,17.0,50800.0,-1.0,863600.0,14.0,17.0,79558000.0,0.0,0.0,0.0,0.0
923,20240419,ZATA,17.0,0.0,16.0,16.0,16.0,62900.0,-1.0,1006400.0,16.0,16.0,77696400.0,0.0,0.0,0.0,0.0
923,20240422,ZATA,16.0,0.0,15.0,15.0,15.0,16400.0,-1.0,246000.0,15.0,15.0,89521500.0,0.0,0.0,0.0,0.0
923,20240423,ZATA,15.0,0.0,14.0,14.0,14.0,64400.0,-1.0,901600.0,25.0,14.0,87700500.0,0.0,0.0,0.0,0.0
923,20240424,ZATA,14.0,0.0,13.0,13.0,13.0,261300.0,-1.0,3396900.0,27.0,13.0,96290400.0,0.0,0.0,0.0,0.0
923,20240425,ZATA,13.0,0.0,12.0,12.0,12.0,443800.0,-1.0,5325600.0,49.0,12.0,96003800.0,0.0,0.0,0.0,0.0
923,20240426,ZATA,12.0,0.0,11.0,11.0,11.0,451400.0,-1.0,4965400.0,44.0,11.0,107354000.0,0.0,0.0,0.0,0.0
923,20240429,ZATA,11.0,0.0,10.0,10.0,10.0,3186000.0,-1.0,31860000.0,86.0,10.0,113087900.0,0.0,0.0,0.0,0.0
923,20240430,ZATA,10.0,0.0,9.0,9.0,9.0,9450300.0,-1.0,85052700.0,109.0,9.0,69943200.0,0.0,0.0,0.0,0.0
923,20240502,ZATA,9.0,0.0,8.0,8.0,8.0,21088500.0,-1.0,168708000.0,384.0,9.0,19280700.0,8.0,396100.0,0.0,0.0
923,20240503,ZATA,8.0,0.0,8.0,7.0,8.0,9765200.0,0.0,71544800.0,204.0,8.0,6966000.0,7.0,5047300.0,36700.0,0.0
923,20240506,ZATA,8.0,0.0,8.0,7.0,8.0,7401000.0,0.0,57814200.0,161.0,8.0,4140000.0,7.0,66936900.0,1745400.0,0.0
924,20240507,ZATA,8.0,0.0,8.0,7.0,7.0,15611700.0,-1.0,111140200.0,172.0,8.0,6179700.0,7.0,5161000.0,3505500.0,0.0
925,20240508,ZATA,7.0,0.0,8.0,8.0,8.0,9449600.0,1.0,75596800.0,187.0,0.0,0.0,8.0,7032700.0,0.0,0.0
925,20240513,ZATA,8.0,0.0,9.0,9.0,9.0,4314200.0,1.0,38827800.0,119.0,0.0,0.0,9.0,29978700.0,0.0,0.0
925,20240514,ZATA,9.0,0.0,10.0,10.0,10.0,1169200.0,1.0,11692000.0,76.0,0.0,0.0,10.0,15626200.0,0.0,0.0
925,20240515,ZATA,10.0,0.0,11.0,11.0,11.0,5010100.0,1.0,55111100.0,116.0,0.0,0.0,11.0,11198000.0,0.0,0.0
925,20240516,ZATA,11.0,0.0,11.0,10.0,10.0,6528200.0,-1.0,71626700.0,251.0,11.0,1620100.0,10.0,848900.0,318500.0,0.0
925,20240517,ZATA,10.0,0.0,10.0,10.0,10.0,3401600.0,0.0,34016000.0,149.0,10.0,643200.0,9.0,1084400.0,0.0,0.0
925,20240520,ZATA,10.0,0.0,11.0,10.0,11.0,6024400.0,1.0,65393100.0,141.0,0.0,0.0,11.0,6335500.0,12600.0,0.0
925,20240521,ZATA,11.0,0.0,12.0,12.0,12.0,14090200.0,1.0,169082400.0,194.0,0.0,0.0,12.0,3889400.0,0.0,0.0
925,20240522,ZATA,12.0,0.0,13.0,12.0,12.0,8041500.0,0.0,98425400.0,183.0,12.0,5230100.0,11.0,264100.0,0.0,0.0
925,20240527,ZATA,12.0,0.0,12.0,12.0,12.0,2232400.0,0.0,26788800.0,91.0,12.0,4291100.0,11.0,1465800.0,0.0,0.0
925,20240528,ZATA,12.0,0.0,12.0,11.0,11.0,4018900.0,-1.0,45261600.0,88.0,11.0,3131200.0,0.0,0.0,0.0,0.0
925,20240529,ZATA,11.0,0.0,11.0,10.0,10.0,6097800.0,-1.0,62586000.0,115.0,11.0,5661400.0,10.0,1941200.0,0.0,0.0
925,20240530,ZATA,10.0,0.0,10.0,10.0,10.0,1911900.0,0.0,19119000.0,56.0,11.0,6586500.0,10.0,473200.0,0.0,0.0
925,20240531,ZATA,10.0,0.0,10.0,9.0,9.0,505800.0,-1.0,4808300.0,68.0,10.0,817500.0,9.0,2689900.0,0.0,0.0
925,20240603,ZATA,9.0,0.0,9.0,9.0,9.0,3796300.0,0.0,34166700.0,89.0,9.0,6085700.0,8.0,3130800.0,0.0,0.0
925,20240604,ZATA,9.0,0.0,9.0,8.0,9.0,15932500.0,0.0,128564400.0,182.0,9.0,19582200.0,8.0,7129300.0,0.0,0.0
925,20240605,ZATA,9.0,0.0,8.0,8.0,8.0,12687100.0,-1.0,101496800.0,135.0,8.0,8228400.0,0.0,0.0,0.0,0.0
925,20240606,ZATA,8.0,0.0,8.0,7.0,8.0,16487800.0,0.0,116588500.0,171.0,8.0,25329200.0,7.0,6307000.0,281500.0,0.0
925,20240607,ZATA,8.0,0.0,7.0,7.0,7.0,29044600.0,-1.0,203312200.0,273.0,7.0,2677200.0,0.0,0.0,0.0,0.0
926,20240610,ZATA,7.0,0.0,7.0,7.0,7.0,12043700.0,0.0,84305900.0,194.0,7.0,881600.0,6.0,8821900.0,63000.0,0.0
926,20240611,ZATA,7.0,0.0,7.0,7.0,7.0,2537800.0,0.0,17764600.0,207.0,7.0,4327200.0,6.0,9431600.0,8200.0,0.0
926,20240612,ZATA,7.0,0.0,7.0,6.0,7.0,3506200.0,0.0,24471700.0,129.0,7.0,1729500.0,6.0,10324800.0,1000.0,0.0
926,20240613,ZATA,7.0,0.0,7.0,7.0,7.0,4427600.0,0.0,30993200.0,94.0,7.0,2555100.0,6.0,11821800.0,0.0,0.0
926,20240614,ZATA,7.0,0.0,7.0,7.0,7.0,5087400.0,0.0,35611800.0,85.0,8.0,21644300.0,7.0,173400.0,100.0,0.0
926,20240619,ZATA,7.0,0.0,7.0,7.0,7.0,18449700.0,0.0,129147900.0,131.0,8.0,19072600.0,7.0,100000.0,0.0,0.0
926,20240620,ZATA,7.0,0.0,7.0,7.0,7.0,21462700.0,0.0,150238900.0,84.0,8.0,21343500.0,7.0,5546400.0,0.0,0.0
926,20240621,ZATA,7.0,0.0,8.0,7.0,8.0,9816000.0,1.0,69968800.0,80.0,8.0,23612500.0,7.0,11913100.0,0.0,0.0
926,20240624,ZATA,8.0,0.0,8.0,7.0,7.0,11299900.0,-1.0,85897400.0,77.0,8.0,16241100.0,7.0,16754800.0,0.0,0.0
926,20240625,ZATA,7.0,0.0,8.0,7.0,8.0,1928300.0,1.0,15238500.0,81.0,8.0,21351300.0,7.0,11068800.0,0.0,0.0
926,20240626,ZATA,8.0,0.0,8.0,8.0,8.0,2307700.0,0.0,18461600.0,56.0,8.0,19089300.0,7.0,15094900.0,0.0,0.0
926,20240627,ZATA,8.0,0.0,8.0,7.0,7.0,1253700.0,-1.0,9398000.0,82.0,8.0,12609400.0,7.0,17379600.0,0.0,0.0
926,20240628,ZATA,7.0,0.0,8.0,8.0,8.0,2276000.0,1.0,18208000.0,93.0,8.0,15559300.0,7.0,11216600.0,0.0,0.0
926,20240701,ZATA,8.0,0.0,8.0,7.0,8.0,1076300.0,0.0,8543200.0,79.0,8.0,19731700.0,7.0,24541200.0,0.0,0.0
926,20240702,ZATA,8.0,0.0,8.0,7.0,7.0,1177100.0,-1.0,8638800.0,76.0,8.0,23438700.0,7.0,23473900.0,0.0,0.0
927,20240703,ZATA,7.0,0.0,8.0,7.0,8.0,2091500.0,1.0,15354000.0,84.0,8.0,19092100.0,7.0,18311300.0,0.0,0.0
927,20240704,ZATA,8.0,0.0,8.0,7.0,8.0,6117700.0,0.0,43265300.0,102.0,8.0,21508000.0,7.0,14471800.0,0.0,0.0
928,20240705,ZATA,8.0,0.0,8.0,7.0,7.0,21962900.0,-1.0,153854200.0,285.0,8.0,22766300.0,7.0,66700.0,0.0,0.0
931,20240708,ZATA,7.0,0.0,7.0,7.0,7.0,11051900.0,0.0,77363300.0,156.0,7.0,215000.0,6.0,15688100.0,0.0,0.0
932,20240709,ZATA,7.0,0.0,7.0,7.0,7.0,12770000.0,0.0,89390000.0,169.0,8.0,30070000.0,7.0,117000.0,0.0,0.0
933,20240710,ZATA,7.0,0.0,7.0,7.0,7.0,8232500.0,0.0,57627500.0,140.0,8.0,19432700.0,7.0,100000.0,0.0,0.0
933,20240711,ZATA,7.0,0.0,7.0,7.0,7.0,6581800.0,0.0,46072600.0,113.0,7.0,6304600.0,6.0,8170200.0,0.0,0.0
933,20240712,ZATA,7.0,0.0,7.0,7.0,7.0,7015200.0,0.0,49106400.0,117.0,8.0,18644800.0,7.0,164900.0,0.0,3653300.0
933,20240715,ZATA,7.0,0.0,7.0,7.0,7.0,4330500.0,0.0,30313500.0,132.0,7.0,408200.0,6.0,10947100.0,0.0,0.0
933,20240716,ZATA,7.0,0.0,8.0,7.0,8.0,1905000.0,1.0,13686200.0,75.0,8.0,19455700.0,7.0,4534700.0,0.0,0.0
933,20240717,ZATA,8.0,0.0,8.0,8.0,8.0,28099200.0,0.0,224793600.0,200.0,9.0,4962200.0,8.0,2454500.0,0.0,0.0
933,20240718,ZATA,8.0,0.0,9.0,9.0,9.0,5590600.0,1.0,50315400.0,101.0,0.0,0.0,9.0,28947000.0,0.0,0.0
933,20240719,ZATA,9.0,0.0,10.0,10.0,10.0,5170800.0,1.0,51708000.0,74.0,0.0,0.0,10.0,31025700.0,0.0,0.0
933,20240722,ZATA,10.0,0.0,11.0,11.0,11.0,6347800.0,1.0,69825800.0,73.0,0.0,0.0,11.0,25276000.0,0.0,0.0
933,20240723,ZATA,11.0,0.0,12.0,10.0,10.0,32017400.0,-1.0,343366100.0,415.0,10.0,4008200.0,0.0,0.0,3653300.0,0.0
933,20240724,ZATA,10.0,0.0,10.0,9.0,9.0,16268900.0,-1.0,147545600.0,244.0,9.0,5886800.0,0.0,0.0,0.0,0.0
933,20240725,ZATA,9.0,0.0,8.0,8.0,8.0,22980900.0,-1.0,183847200.0,295.0,8.0,10445600.0,0.0,0.0,0.0,0.0
933,20240726,ZATA,8.0,0.0,8.0,8.0,8.0,15724900.0,0.0,125799200.0,185.0,9.0,4909200.0,8.0,307400.0,0.0,0.0
933,20240729,ZATA,8.0,0.0,8.0,8.0,8.0,28679900.0,0.0,229439200.0,224.0,8.0,605000.0,7.0,52837100.0,0.0,4700000.0
933,20240730,ZATA,8.0,0.0,9.0,8.0,9.0,10034900.0,1.0,87206700.0,161.0,0.0,0.0,9.0,426900.0,0.0,1470000.0
933,20240731,ZATA,9.0,0.0,9.0,9.0,9.0,7450100.0,0.0,67050900.0,104.0,9.0,9220100.0,8.0,10194300.0,0.0,4300000.0
933,20240801,ZATA,9.0,0.0,9.0,9.0,9.0,13174400.0,0.0,118569600.0,131.0,10.0,11146200.0,9.0,886100.0,0.0,0.0
933,20240802,ZATA,9.0,0.0,9.0,9.0,9.0,6361400.0,0.0,57252600.0,100.0,9.0,817600.0,8.0,7872200.0,0.0,0.0
933,20240805,ZATA,9.0,0.0,9.0,9.0,9.0,3666100.0,0.0,32994900.0,76.0,9.0,5891600.0,8.0,3407100.0,0.0,0.0
933,20240806,ZATA,9.0,0.0,9.0,8.0,8.0,506200.0,-1.0,4317200.0,43.0,9.0,6498300.0,8.0,10356000.0,0.0,0.0
934,20240807,ZATA,8.0,0.0,9.0,8.0,9.0,738800.0,1.0,5979800.0,50.0,9.0,7370500.0,8.0,12390200.0,0.0,0.0
935,20240808,ZATA,9.0,0.0,9.0,8.0,8.0,1144900.0,-1.0,10265200.0,53.0,9.0,10658200.0,8.0,12623200.0,0.0,0.0
935,20240809,ZATA,8.0,0.0,8.0,8.0,8.0,4902500.0,0.0,39220000.0,78.0,9.0,10426400.0,8.0,14678600.0,0.0,0.0
935,20240812,ZATA,8.0,0.0,8.0,8.0,8.0,2031100.0,0.0,16248800.0,58.0,9.0,8543200.0,8.0,10071900.0,0.0,0.0
935,20240813,ZATA,8.0,0.0,9.0,8.0,9.0,2101600.0,1.0,18817600.0,97.0,9.0,9539700.0,8.0,11156700.0,0.0,0.0
935,20240814,ZATA,9.0,0.0,9.0,8.0,8.0,5072800.0,-1.0,42506500.0,83.0,9.0,8585500.0,8.0,16320600.0,0.0,0.0
935,20240815,ZATA,8.0,0.0,9.0,8.0,9.0,1047200.0,1.0,9229400.0,62.0,9.0,13210700.0,8.0,12325000.0,0.0,0.0
935,20240816,ZATA,9.0,0.0,9.0,8.0,8.0,1772700.0,-1.0,15624800.0,61.0,9.0,17276700.0,8.0,16925700.0,0.0,0.0
935,20240819,ZATA,8.0,0.0,8.0,8.0,8.0,1971800.0,0.0,15774400.0,64.0,9.0,12030400.0,8.0,19472300.0,0.0,0.0
935,20240820,ZATA,8.0,0.0,9.0,8.0,8.0,3162600.0,0.0,28331700.0,74.0,9.0,12933800.0,8.0,16630500.0,0.0,0.0
935,20240821,ZATA,8.0,0.0,9.0,9.0,9.0,6221800.0,1.0,55996200.0,80.0,9.0,13352100.0,8.0,21455100.0,0.0,0.0
935,20240822,ZATA,9.0,0.0,9.0,9.0,9.0,16391500.0,0.0,147523500.0,155.0,10.0,6599200.0,9.0,1790200.0,6170000.0,0.0
935,20240823,ZATA,9.0,0.0,9.0,9.0,9.0,3265200.0,0.0,29386800.0,81.0,9.0,2617800.0,8.0,16040400.0,0.0,0.0
935,20240826,ZATA,9.0,0.0,10.0,9.0,9.0,3061000.0,0.0,27648000.0,69.0,10.0,10287000.0,9.0,6107800.0,0.0,0.0
935,20240827,ZATA,9.0,0.0,10.0,9.0,10.0,4253100.0,1.0,40206700.0,110.0,10.0,11701400.0,9.0,10148000.0,0.0,0.0
935,20240828,ZATA,10.0,0.0,11.0,11.0,11.0,22233300.0,1.0,244566300.0,276.0,0.0,0.0,11.0,626400.0,0.0,0.0
935,20240829,ZATA,11.0,0.0,12.0,12.0,12.0,18674500.0,1.0,224094000.0,267.0,12.0,1977300.0,11.0,4052300.0,4300000.0,0.0
935,20240830,ZATA,12.0,0.0,13.0,12.0,12.0,12059300.0,0.0,148135400.0,255.0,12.0,8803800.0,11.0,3722400.0,0.0,0.0
935,20240902,ZATA,12.0,0.0,11.0,11.0,11.0,27592300.0,-1.0,303515300.0,277.0,11.0,21000.0,0.0,0.0,0.0,7300000.0
935,20240903,ZATA,11.0,0.0,11.0,10.0,11.0,5911300.0,0.0,63979100.0,106.0,11.0,4616500.0,10.0,9720900.0,0.0,0.0
935,20240904,ZATA,11.0,0.0,11.0,10.0,10.0,20986700.0,-1.0,211776900.0,278.0,11.0,5684700.0,10.0,111100.0,0.0,0.0
935,20240905,ZATA,10.0,0.0,10.0,10.0,10.0,4416700.0,0.0,44167000.0,105.0,11.0,12914500.0,10.0,11484300.0,0.0,0.0
935,20240906,ZATA,10.0,0.0,11.0,10.0,11.0,6659900.0,1.0,72555000.0,107.0,11.0,4231200.0,10.0,11302400.0,0.0,0.0
935,20240909,ZATA,11.0,0.0,11.0,11.0,11.0,3676600.0,0.0,40442600.0,108.0,11.0,1928900.0,10.0,7143400.0,0.0,0.0
935,20240910,ZATA,11.0,0.0,11.0,10.0,11.0,1749100.0,0.0,18930400.0,76.0,11.0,3840800.0,10.0,7920600.0,0.0,0.0
935,20240911,ZATA,11.0,0.0,11.0,10.0,10.0,6689800.0,-1.0,67352000.0,76.0,11.0,5782800.0,10.0,5535400.0,0.0,0.0
935,20240912,ZATA,10.0,0.0,10.0,10.0,10.0,4554800.0,0.0,45548000.0,93.0,11.0,6110200.0,10.0,4168500.0,0.0,0.0
935,20240913,ZATA,10.0,0.0,11.0,10.0,10.0,2133800.0,0.0,22855800.0,53.0,11.0,9317200.0,10.0,5052700.0,0.0,0.0
935,20240917,ZATA,10.0,0.0,10.0,10.0,10.0,11527200.0,0.0,115272000.0,143.0,10.0,2380100.0,9.0,10891900.0,0.0,0.0
935,20240918,ZATA,10.0,0.0,10.0,10.0,10.0,3836400.0,0.0,38364000.0,58.0,11.0,6240800.0,10.0,4397600.0,0.0,0.0
935,20240919,ZATA,10.0,0.0,11.0,10.0,11.0,630600.0,1.0,6927000.0,72.0,11.0,9381200.0,10.0,7466700.0,0.0,0.0
935,20240920,ZATA,11.0,0.0,10.0,10.0,10.0,3082300.0,-1.0,30823000.0,76.0,11.0,5668500.0,10.0,9231300.0,0.0,0.0
935,20240923,ZATA,10.0,0.0,10.0,10.0,10.0,1894200.0,0.0,18942000.0,59.0,11.0,6434600.0,10.0,5457800.0,0.0,0.0
935,20240924,ZATA,10.0,0.0,10.0,9.0,9.0,8091000.0,-1.0,74372000.0,138.0,10.0,5000.0,9.0,8457100.0,0.0,0.0
935,20240925,ZATA,9.0,0.0,10.0,10.0,10.0,4355000.0,1.0,43550000.0,104.0,10.0,4677300.0,9.0,18138600.0,0.0,0.0
935,20240926,ZATA,10.0,0.0,10.0,9.0,10.0,3807400.0,0.0,38023200.0,82.0,11.0,3806500.0,9.0,19294300.0,0.0,0.0
935,20240927,ZATA,10.0,0.0,10.0,10.0,10.0,3185400.0,0.0,31854000.0,74.0,11.0,5157900.0,10.0,24400.0,0.0,0.0
935,20240930,ZATA,10.0,0.0,10.0,10.0,10.0,1372600.0,0.0,13726000.0,65.0,11.0,5138700.0,10.0,1014200.0,0.0,0.0
935,20241001,ZATA,10.0,0.0,11.0,10.0,11.0,2100400.0,1.0,21012300.0,69.0,11.0,3931600.0,10.0,891900.0,0.0,0.0
935,20241002,ZATA,11.0,0.0,10.0,10.0,10.0,4125800.0,-1.0,41258000.0,77.0,10.0,1999900.0,0.0,0.0,0.0,0.0
935,20241003,ZATA,10.0,0.0,10.0,9.0,10.0,833800.0,0.0,7644300.0,54.0,10.0,1442200.0,9.0,13632100.0,0.0,0.0
935,20241004,ZATA,10.0,0.0,10.0,9.0,10.0,1551100.0,0.0,14414700.0,71.0,10.0,2318500.0,9.0,16488700.0,0.0,0.0
935,20241007,ZATA,10.0,0.0,10.0,9.0,10.0,1355300.0,0.0,13105200.0,67.0,10.0,2084000.0,9.0,11216600.0,0.0,0.0
937,20241008,ZATA,10.0,0.0,10.0,9.0,9.0,9578800.0,-1.0,86243200.0,128.0,10.0,5443000.0,9.0,10170300.0,0.0,0.0
937,20241009,ZATA,9.0,0.0,9.0,9.0,9.0,218700.0,0.0,1968300.0,36.0,10.0,7277100.0,9.0,6929400.0,0.0,0.0
937,20241010,ZATA,9.0,0.0,9.0,9.0,9.0,656800.0,0.0,5911200.0,51.0,10.0,3385000.0,9.0,6190300.0,0.0,0.0
937,20241011,ZATA,9.0,0.0,10.0,9.0,9.0,641900.0,0.0,5999000.0,46.0,10.0,6557000.0,9.0,6628100.0,0.0,0.0
937,20241014,ZATA,9.0,0.0,9.0,9.0,9.0,905300.0,0.0,8147700.0,50.0,10.0,6769100.0,9.0,8887600.0,0.0,0.0
937,20241015,ZATA,9.0,0.0,10.0,9.0,9.0,1124300.0,0.0,10980200.0,77.0,10.0,7983400.0,9.0,8901500.0,0.0,0.0
937,20241016,ZATA,9.0,0.0,9.0,9.0,9.0,1284800.0,0.0,11563200.0,65.0,10.0,7479300.0,9.0,6381400.0,0.0,0.0
937,20241017,ZATA,9.0,0.0,9.0,9.0,9.0,2374500.0,0.0,21370500.0,51.0,10.0,5096700.0,9.0,4628700.0,0.0,0.0
937,20241018,ZATA,9.0,0.0,9.0,9.0,9.0,4774500.0,0.0,42970500.0,95.0,10.0,4328400.0,9.0,3418600.0,1100000.0,0.0
937,20241021,ZATA,9.0,0.0,10.0,9.0,10.0,603600.0,1.0,5776100.0,56.0,10.0,6261100.0,9.0,3880400.0,0.0,0.0
937,20241022,ZATA,10.0,0.0,10.0,9.0,10.0,492000.0,0.0,4559600.0,54.0,10.0,7804500.0,9.0,6984000.0,0.0,0.0
937,20241023,ZATA,10.0,0.0,10.0,9.0,10.0,322200.0,0.0,3072400.0,50.0,10.0,7635700.0,9.0,7609700.0,0.0,0.0
937,20241024,ZATA,10.0,0.0,10.0,9.0,10.0,829200.0,0.0,7543200.0,51.0,10.0,8953900.0,9.0,6050500.0,0.0,0.0
937,20241025,ZATA,10.0,0.0,10.0,9.0,10.0,680100.0,0.0,6189500.0,37.0,10.0,10551400.0,9.0,13152200.0,0.0,0.0
937,20241028,ZATA,10.0,0.0,10.0,9.0,10.0,839400.0,0.0,7966400.0,61.0,10.0,7288200.0,9.0,4613700.0,0.0,0.0
937,20241029,ZATA,10.0,0.0,10.0,9.0,9.0,1901400.0,-1.0,17367900.0,54.0,10.0,8785700.0,9.0,5670100.0,0.0,0.0
937,20241030,ZATA,9.0,0.0,10.0,9.0,9.0,3946200.0,0.0,35640200.0,75.0,10.0,10574500.0,9.0,2915900.0,0.0,0.0
937,20241031,ZATA,9.0,0.0,9.0,9.0,9.0,5999100.0,0.0,53991900.0,107.0,9.0,9000.0,8.0,7741300.0,0.0,0.0
937,20241101,ZATA,9.0,0.0,9.0,8.0,8.0,1777200.0,-1.0,15314000.0,77.0,9.0,1240300.0,8.0,14289400.0,0.0,0.0
937,20241104,ZATA,8.0,0.0,9.0,8.0,8.0,1695700.0,0.0,13617000.0,70.0,9.0,2419700.0,8.0,15863000.0,0.0,0.0
937,20241105,ZATA,8.0,0.0,9.0,8.0,8.0,1528000.0,0.0,12355900.0,44.0,9.0,5614500.0,8.0,14885400.0,0.0,0.0
937,20241106,ZATA,8.0,0.0,8.0,8.0,8.0,1692700.0,0.0,13541600.0,46.0,9.0,5401500.0,8.0,10689400.0,0.0,0.0
937,20241107,ZATA,8.0,0.0,8.0,8.0,8.0,3630300.0,0.0,29042400.0,67.0,9.0,1140800.0,8.0,6775000.0,0.0,0.0
937,20241108,ZATA,8.0,0.0,9.0,8.0,8.0,1087900.0,0.0,8833200.0,50.0,9.0,2191400.0,8.0,4260700.0,0.0,0.0
938,20241111,ZATA,8.0,0.0,9.0,8.0,8.0,683800.0,0.0,5844000.0,59.0,9.0,1923700.0,8.0,5158900.0,0.0,0.0
939,20241112,ZATA,8.0,0.0,8.0,8.0,8.0,5598600.0,0.0,44788800.0,156.0,8.0,354700.0,7.0,7570900.0,0.0,0.0
941,20241113,ZATA,8.0,0.0,9.0,8.0,8.0,4057900.0,0.0,32503800.0,134.0,9.0,5622800.0,8.0,985600.0,0.0,0.0
941,20241114,ZATA,8.0,0.0,9.0,8.0,9.0,482100.0,1.0,3865000.0,37.0,9.0,5250300.0,8.0,1591300.0,0.0,0.0
941,20241115,ZATA,9.0,0.0,9.0,8.0,9.0,667100.0,0.0,5846100.0,56.0,9.0,3694000.0,8.0,2129300.0,0.0,0.0
941,20241118,ZATA,9.0,0.0,9.0,8.0,8.0,3866300.0,-1.0,31273500.0,140.0,8.0,1109900.0,0.0,0.0,0.0,0.0
941,20241119,ZATA,8.0,0.0,8.0,8.0,8.0,6047300.0,0.0,48378400.0,114.0,8.0,1375300.0,7.0,8723900.0,0.0,0.0
941,20241120,ZATA,8.0,0.0,8.0,8.0,8.0,1708500.0,0.0,13668000.0,64.0,9.0,5788000.0,8.0,785300.0,0.0,0.0
941,20241121,ZATA,8.0,0.0,9.0,8.0,9.0,312800.0,1.0,2643800.0,46.0,9.0,6813400.0,8.0,5602200.0,0.0,0.0
941,20241122,ZATA,9.0,0.0,9.0,8.0,9.0,144900.0,0.0,1184700.0,60.0,9.0,4452900.0,8.0,7645500.0,0.0,0.0
941,20241125,ZATA,9.0,0.0,9.0,9.0,9.0,981500.0,0.0,8833500.0,60.0,9.0,5920000.0,8.0,2186100.0,0.0,0.0
941,20241126,ZATA,9.0,0.0,9.0,8.0,9.0,136500.0,0.0,1167100.0,40.0,9.0,5034100.0,8.0,2874200.0,0.0,0.0
941,20241128,ZATA,9.0,0.0,9.0,8.0,9.0,4333300.0,0.0,37090600.0,87.0,9.0,5408100.0,8.0,4334900.0,0.0,0.0
941,20241129,ZATA,9.0,0.0,9.0,8.0,9.0,1155800.0,0.0,9942200.0,45.0,9.0,4691600.0,8.0,8504400.0,0.0,0.0
941,20241202,ZATA,9.0,0.0,9.0,8.0,9.0,840400.0,0.0,7020000.0,51.0,9.0,7964900.0,8.0,7133300.0,0.0,0.0
941,20241203,ZATA,9.0,0.0,9.0,8.0,8.0,7951400.0,-1.0,63633500.0,172.0,9.0,7650600.0,8.0,2916400.0,482600.0,0.0
941,20241204,ZATA,8.0,0.0,9.0,8.0,9.0,1713800.0,1.0,13723400.0,59.0,9.0,11876700.0,8.0,4159800.0,0.0,0.0
942,20241205,ZATA,9.0,0.0,8.0,8.0,8.0,3791300.0,-1.0,30330400.0,74.0,9.0,7042500.0,8.0,6989800.0,0.0,0.0
942,20241206,ZATA,8.0,0.0,9.0,8.0,9.0,1601300.0,1.0,13577600.0,80.0,9.0,6735200.0,8.0,2945400.0,0.0,0.0
942,20241209,ZATA,9.0,0.0,9.0,9.0,9.0,663400.0,0.0,5970600.0,76.0,9.0,10199500.0,8.0,5381600.0,0.0,0.0
942,20241210,ZATA,9.0,0.0,9.0,9.0,9.0,2196100.0,0.0,19764900.0,60.0,9.0,6778300.0,8.0,3526400.0,0.0,0.0
942,20241211,ZATA,9.0,0.0,9.0,9.0,9.0,901400.0,0.0,8112600.0,56.0,9.0,7889300.0,8.0,3443100.0,0.0,0.0
942,20241212,ZATA,9.0,0.0,9.0,9.0,9.0,1515600.0,0.0,13640400.0,71.0,9.0,10566800.0,8.0,10537000.0,0.0,0.0
942,20241213,ZATA,9.0,0.0,9.0,9.0,9.0,13565900.0,0.0,122093100.0,129.0,10.0,3983300.0,9.0,1217700.0,7300000.0,0.0
942,20241216,ZATA,9.0,0.0,10.0,9.0,10.0,1482500.0,1.0,14001300.0,85.0,10.0,6680600.0,9.0,4082400.0,0.0,0.0
942,20241217,ZATA,10.0,0.0,10.0,9.0,9.0,7671300.0,-1.0,70609000.0,97.0,10.0,8006700.0,0.0,0.0,0.0,0.0
942,20241218,ZATA,9.0,0.0,9.0,8.0,9.0,920900.0,0.0,7690400.0,51.0,9.0,1766600.0,8.0,6187000.0,0.0,0.0
943,20241219,ZATA,9.0,0.0,9.0,9.0,9.0,2028600.0,0.0,18257400.0,57.0,9.0,5235100.0,8.0,3395100.0,0.0,0.0
943,20241220,ZATA,9.0,0.0,9.0,8.0,9.0,1221900.0,0.0,9812900.0,50.0,9.0,919400.0,8.0,7273000.0,0.0,0.0
943,20241223,ZATA,9.0,0.0,9.0,9.0,9.0,558700.0,0.0,5028300.0,43.0,9.0,4529900.0,8.0,3485400.0,0.0,100000.0
943,20241224,ZATA,9.0,0.0,9.0,8.0,9.0,272400.0,0.0,2201700.0,40.0,9.0,1921100.0,8.0,7822000.0,0.0,0.0
943,20241227,ZATA,9.0,0.0,9.0,9.0,9.0,1929400.0,0.0,17364600.0,56.0,9.0,4595000.0,8.0,8403000.0,0.0,0.0
943,20241230,ZATA,9.0,0.0,9.0,9.0,9.0,4537600.0,0.0,40838400.0,72.0,9.0,2996300.0,8.0,6156700.0,0.0,0.0
943,20250102,ZATA,9.0,0.0,9.0,8.0,9.0,598700.0,0.0,5141600.0,44.0,9.0,7338500.0,8.0,14516900.0,0.0,0.0
943,20250103,ZATA,9.0,0.0,9.0,9.0,9.0,1632900.0,0.0,14696100.0,49.0,9.0,4492900.0,8.0,13901400.0,0.0,0.0
943,20250106,ZATA,9.0,0.0,9.0,9.0,9.0,14245500.0,0.0,128209500.0,120.0,10.0,7342900.0,9.0,7500000.0,0.0,0.0
943,20250107,ZATA,9.0,0.0,9.0,9.0,9.0,3968400.0,0.0,35715600.0,63.0,9.0,4904900.0,8.0,8184800.0,0.0,0.0
946,20250108,ZATA,9.0,0.0,9.0,9.0,9.0,1013100.0,0.0,9117900.0,61.0,9.0,8751300.0,8.0,5019700.0,0.0,0.0
948,20250109,ZATA,9.0,0.0,9.0,9.0,9.0,3235100.0,0.0,29115900.0,122.0,9.0,12369100.0,8.0,6049700.0,0.0,0.0
948,20250110,ZATA,9.0,0.0,10.0,9.0,10.0,37332900.0,1.0,367768100.0,290.0,0.0,0.0,10.0,17674100.0,0.0,0.0
951,20250113,ZATA,10.0,0.0,11.0,10.0,11.0,35995300.0,1.0,385804100.0,296.0,0.0,0.0,11.0,14344400.0,0.0,0.0
951,20250114,ZATA,11.0,0.0,12.0,11.0,12.0,19228600.0,1.0,218693000.0,286.0,12.0,8211100.0,11.0,1815100.0,0.0,10000.0
951,20250115,ZATA,12.0,0.0,13.0,11.0,11.0,17787000.0,-1.0,216222300.0,326.0,11.0,20723200.0,0.0,0.0,0.0,0.0
951,20250116,ZATA,11.0,0.0,10.0,10.0,10.0,4347800.0,-1.0,43478000.0,150.0,10.0,18922600.0,0.0,0.0,0.0,0.0
951,20250117,ZATA,10.0,0.0,10.0,9.0,10.0,8610300.0,0.0,81517400.0,155.0,10.0,9324700.0,9.0,11494900.0,0.0,0.0
951,20250120,ZATA,10.0,0.0,10.0,9.0,9.0,7658700.0,-1.0,69754500.0,137.0,10.0,8475300.0,9.0,31181900.0,0.0,0.0
951,20250121,ZATA,9.0,0.0,10.0,9.0,9.0,20512000.0,0.0,187091200.0,178.0,10.0,7714200.0,9.0,10818500.0,0.0,0.0
951,20250122,ZATA,9.0,0.0,10.0,9.0,10.0,4313400.0,1.0,39144200.0,94.0,10.0,14620100.0,9.0,7408400.0,0.0,0.0
951,20250123,ZATA,10.0,0.0,9.0,9.0,9.0,9025800.0,-1.0,81232200.0,118.0,10.0,14034700.0,9.0,23143800.0,0.0,0.0
951,20250124,ZATA,9.0,0.0,9.0,9.0,9.0,11187000.0,0.0,100683000.0,102.0,10.0,11738100.0,9.0,3302500.0,0.0,0.0
951,20250130,ZATA,9.0,0.0,9.0,9.0,9.0,4405000.0,0.0,39645000.0,47.0,10.0,11711000.0,9.0,5757800.0,0.0,0.0
951,20250131,ZATA,9.0,0.0,10.0,9.0,10.0,571600.0,1.0,5294400.0,29.0,10.0,10672500.0,9.0,4158300.0,0.0,0.0
951,20250203,ZATA,10.0,0.0,10.0,9.0,10.0,1821800.0,0.0,16769900.0,71.0,10.0,15482800.0,9.0,7480300.0,0.0,0.0
951,20250204,ZATA,10.0,0.0,10.0,9.0,10.0,1046100.0,0.0,10193300.0,55.0,10.0,12912500.0,9.0,9325600.0,0.0,0.0
951,20250205,ZATA,10.0,0.0,10.0,9.0,10.0,2505700.0,0.0,22680600.0,76.0,10.0,11275500.0,9.0,9227500.0,0.0,0.0
951,20250206,ZATA,10.0,0.0,10.0,9.0,9.0,4604900.0,-1.0,44013700.0,80.0,10.0,11775200.0,9.0,5516800.0,0.0,0.0
951,20250207,ZATA,9.0,0.0,9.0,9.0,9.0,4554200.0,0.0,40987800.0,58.0,10.0,11529800.0,9.0,4673400.0,0.0,0.0
951,20250210,ZATA,9.0,0.0,9.0,9.0,9.0,7313200.0,0.0,65818800.0,105.0,9.0,4317100.0,8.0,12254800.0,0.0,0.0
951,20250211,ZATA,9.0,0.0,9.0,9.0,9.0,637100.0,0.0,5733900.0,48.0,9.0,4354300.0,8.0,12360300.0,0.0,0.0
951,20250212,ZATA,9.0,0.0,9.0,8.0,8.0,737400.0,-1.0,6253600.0,69.0,9.0,8674200.0,8.0,11510700.0,0.0,0.0
951,20250213,ZATA,8.0,0.0,9.0,9.0,9.0,2039000.0,1.0,18351000.0,67.0,9.0,9489300.0,8.0,13665500.0,0.0,0.0
951,20250214,ZATA,9.0,0.0,9.0,9.0,9.0,2153200.0,0.0,19378800.0,60.0,9.0,299400.0,8.0,8414600.0,0.0,0.0
951,20250217,ZATA,9.0,0.0,9.0,9.0,9.0,2904100.0,0.0,26136900.0,73.0,10.0,11778700.0,9.0,448800.0,0.0,0.0
951,20250218,ZATA,9.0,0.0,9.0,9.0,9.0,1554300.0,0.0,13988700.0,71.0,10.0,13977500.0,9.0,229500.0,0.0,0.0
951,20250219,ZATA,9.0,0.0,9.0,9.0,9.0,3245600.0,0.0,29210400.0,68.0,9.0,2179500.0,8.0,10396700.0,0.0,0.0
951,20250220,ZATA,9.0,0.0,9.0,8.0,9.0,3177700.0,0.0,27871000.0,104.0,9.0,3116000.0,8.0,15756100.0,0.0,0.0
951,20250221,ZATA,9.0,0.0,9.0,9.0,9.0,5770900.0,0.0,51938100.0,49.0,10.0,8066100.0,9.0,211500.0,0.0,0.0
951,20250224,ZATA,9.0,0.0,10.0,9.0,10.0,2614900.0,1.0,23683900.0,101.0,10.0,11765600.0,9.0,777700.0,0.0,0.0
951,20250225,ZATA,10.0,0.0,9.0,9.0,9.0,4289300.0,-1.0,38603700.0,115.0,9.0,863300.0,0.0,0.0,0.0,0.0
951,20250226,ZATA,9.0,0.0,9.0,8.0,9.0,1633600.0,0.0,14601700.0,69.0,9.0,7774300.0,8.0,5505500.0,0.0,0.0
951,20250227,ZATA,9.0,0.0,9.0,8.0,8.0,884400.0,-1.0,7328500.0,49.0,9.0,10727200.0,8.0,6447700.0,0.0,0.0
951,20250228,ZATA,8.0,0.0,9.0,8.0,8.0,4556800.0,0.0,36484100.0,58.0,9.0,4142300.0,8.0,3638900.0,150000.0,0.0
951,20250303,ZATA,8.0,0.0,9.0,8.0,9.0,1737200.0,1.0,15013100.0,67.0,9.0,18571000.0,8.0,2942800.0,0.0,0.0
951,20250304,ZATA,9.0,0.0,9.0,8.0,9.0,2310000.0,0.0,18595100.0,76.0,9.0,9513300.0,8.0,9086800.0,0.0,0.0
951,20250305,ZATA,9.0,0.0,9.0,8.0,9.0,974900.0,0.0,8608800.0,42.0,9.0,4010700.0,8.0,8437200.0,0.0,0.0
951,20250306,ZATA,9.0,0.0,9.0,8.0,8.0,681200.0,-1.0,5968400.0,37.0,9.0,4154900.0,8.0,13089600.0,0.0,0.0
951,20250307,ZATA,8.0,0.0,9.0,8.0,9.0,330500.0,1.0,2696800.0,38.0,9.0,6929100.0,8.0,11268900.0,0.0,0.0
953,20250310,ZATA,9.0,0.0,9.0,8.0,9.0,745100.0,0.0,6302700.0,51.0,9.0,5751400.0,8.0,8026600.0,0.0,0.0
953,20250311,ZATA,9.0,0.0,9.0,8.0,8.0,699300.0,-1.0,6031000.0,47.0,9.0,6604600.0,8.0,12634500.0,0.0,0.0
953,20250312,ZATA,8.0,0.0,9.0,8.0,8.0,893500.0,0.0,7349100.0,45.0,9.0,9227000.0,8.0,6542800.0,0.0,0.0
953,20250313,ZATA,8.0,0.0,9.0,8.0,9.0,1449900.0,1.0,12236500.0,55.0,9.0,9028300.0,8.0,7166900.0,0.0,0.0
953,20250314,ZATA,9.0,0.0,9.0,8.0,9.0,532200.0,0.0,4460000.0,36.0,9.0,6051800.0,8.0,8590400.0,0.0,0.0
953,20250317,ZATA,9.0,0.0,9.0,8.0,8.0,1400700.0,-1.0,12113000.0,74.0,9.0,5244700.0,8.0,9756800.0,0.0,0.0
953,20250318,ZATA,8.0,0.0,9.0,8.0,8.0,8800600.0,0.0,70481700.0,176.0,9.0,7397500.0,8.0,6601600.0,0.0,0.0
953,20250319,ZATA,8.0,0.0,8.0,8.0,8.0,6822100.0,0.0,54576800.0,130.0,9.0,10513400.0,8.0,802400.0,0.0,0.0
953,20250320,ZATA,8.0,0.0,9.0,8.0,9.0,2016300.0,1.0,16689100.0,58.0,9.0,10598900.0,8.0,2820200.0,0.0,0.0
953,20250321,ZATA,9.0,0.0,9.0,8.0,8.0,3212600.0,-1.0,27380300.0,176.0,9.0,8233200.0,8.0,3503100.0,0.0,0.0
953,20250324,ZATA,8.0,0.0,9.0,8.0,8.0,6537400.0,0.0,52477700.0,94.0,9.0,11168700.0,8.0,131900.0,0.0,0.0
954,20250325,ZATA,8.0,0.0,8.0,8.0,8.0,1993600.0,0.0,15948800.0,56.0,9.0,12986500.0,8.0,3920400.0,0.0,0.0
954,20250326,ZATA,8.0,0.0,9.0,8.0,8.0,1174400.0,0.0,9396000.0,55.0,9.0,10027500.0,8.0,1633200.0,0.0,0.0
954,20250327,ZATA,8.0,0.0,9.0,8.0,8.0,1479800.0,0.0,12168500.0,83.0,9.0,10401800.0,8.0,5526300.0,0.0,0.0
954,20250408,ZATA,8.0,0.0,8.0,7.0,7.0,17588500.0,-1.0,124274600.0,172.0,8.0,7719100.0,7.0,364900.0,0.0,0.0
954,20250409,ZATA,7.0,0.0,7.0,7.0,7.0,9883500.0,0.0,69184500.0,186.0,7.0,864700.0,6.0,7389200.0,0.0,0.0
954,20250410,ZATA,7.0,0.0,8.0,7.0,7.0,4887700.0,0.0,34480000.0,122.0,8.0,10161500.0,7.0,7674600.0,0.0,0.0
954,20250411,ZATA,7.0,0.0,8.0,7.0,7.0,1113000.0,0.0,8322700.0,76.0,8.0,14183400.0,7.0,4801900.0,0.0,0.0
955,20250414,ZATA,7.0,0.0,8.0,7.0,8.0,3038200.0,1.0,22164400.0,80.0,8.0,16405700.0,7.0,6668900.0,0.0,0.0
956,20250415,ZATA,8.0,0.0,8.0,7.0,7.0,2564900.0,-1.0,20145400.0,97.0,8.0,11965700.0,7.0,16283500.0,0.0,0.0
956,20250416,ZATA,7.0,0.0,8.0,7.0,7.0,638600.0,0.0,4910100.0,63.0,8.0,14939500.0,7.0,14660600.0,0.0,0.0
955,20250417,ZATA,7.0,0.0,8.0,7.0,8.0,1081200.0,1.0,7811100.0,83.0,8.0,14246300.0,7.0,16700100.0,0.0,0.0
955,20250421,ZATA,8.0,0.0,8.0,7.0,7.0,2666400.0,-1.0,20399200.0,82.0,8.0,12237100.0,7.0,15154600.0,0.0,0.0
955,20250422,ZATA,7.0,0.0,8.0,7.0,7.0,1747000.0,0.0,12576900.0,76.0,8.0,13278300.0,7.0,11950700.0,0.0,0.0
955,20250423,ZATA,7.0,0.0,8.0,8.0,8.0,13229500.0,1.0,105836000.0,146.0,8.0,9482600.0,7.0,18234300.0,0.0,0.0
955,20250424,ZATA,8.0,0.0,8.0,7.0,7.0,59132400.0,-1.0,417392500.0,317.0,8.0,7319800.0,7.0,4200.0,0.0,0.0
955,20250425,ZATA,7.0,0.0,7.0,6.0,6.0,61107800.0,-1.0,385468100.0,375.0,7.0,12400.0,6.0,14859100.0,0.0,0.0
955,20250428,ZATA,6.0,0.0,7.0,7.0,7.0,27757400.0,1.0,194301800.0,279.0,0.0,0.0,7.0,193700.0,0.0,0.0
955,20250429,ZATA,7.0,0.0,8.0,7.0,7.0,9645500.0,0.0,69581000.0,157.0,8.0,16100300.0,7.0,25035800.0,0.0,0.0
955,20250430,ZATA,7.0,0.0,8.0,7.0,8.0,3519300.0,1.0,27306500.0,126.0,8.0,30783600.0,7.0,35845100.0,0.0,0.0
955,20250502,ZATA,8.0,0.0,8.0,8.0,8.0,29950100.0,0.0,239600800.0,203.0,8.0,14899700.0,7.0,43835600.0,0.0,0.0
955,20250505,ZATA,8.0,0.0,8.0,7.0,8.0,3950200.0,0.0,31246600.0,137.0,8.0,11889900.0,7.0,45831200.0,0.0,0.0
955,20250506,ZATA,8.0,0.0,8.0,7.0,7.0,5462600.0,-1.0,42956000.0,92.0,8.0,20941500.0,7.0,52290500.0,0.0,0.0
955,20250507,ZATA,7.0,0.0,8.0,8.0,8.0,13000400.0,1.0,104003200.0,133.0,8.0,13282200.0,7.0,29165200.0,0.0,0.0
956,20250508,ZATA,8.0,0.0,8.0,8.0,8.0,7547500.0,0.0,60380000.0,104.0,9.0,6004900.0,8.0,7510600.0,0.0,0.0
956,20250509,ZATA,8.0,0.0,8.0,8.0,8.0,1922800.0,0.0,15382400.0,73.0,9.0,13571400.0,8.0,9926100.0,0.0,0.0
956,20250514,ZATA,8.0,0.0,9.0,8.0,9.0,3990200.0,1.0,34083300.0,152.0,9.0,8648700.0,8.0,12687900.0,0.0,0.0
956,20250515,ZATA,9.0,0.0,9.0,9.0,9.0,5255800.0,0.0,47302200.0,149.0,9.0,11629900.0,8.0,15233900.0,0.0,0.0
956,20250516,ZATA,9.0,0.0,9.0,9.0,9.0,7966600.0,0.0,71699400.0,145.0,9.0,6995300.0,8.0,18227100.0,0.0,0.0
956,20250519,ZATA,9.0,0.0,9.0,9.0,9.0,9970600.0,0.0,89735400.0,126.0,10.0,13574400.0,9.0,6699300.0,0.0,0.0
956,20250520,ZATA,9.0,0.0,10.0,9.0,10.0,15222000.0,1.0,149492000.0,398.0,10.0,11661100.0,9.0,7250400.0,0.0,0.0
956,20250521,ZATA,10.0,0.0,10.0,10.0,10.0,17995000.0,0.0,179950000.0,238.0,11.0,17161100.0,10.0,7061200.0,0.0,0.0
956,20250522,ZATA,10.0,0.0,11.0,10.0,11.0,29422500.0,1.0,319185500.0,291.0,0.0,0.0,11.0,1925500.0,0.0,0.0
956,20250523,ZATA,11.0,0.0,12.0,12.0,12.0,36823800.0,1.0,441885600.0,374.0,0.0,0.0,12.0,24678600.0,100000.0,0.0
956,20250526,ZATA,12.0,0.0,13.0,11.0,11.0,72347800.0,-1.0,867217500.0,635.0,11.0,4606600.0,0.0,0.0,0.0,0.0
956,20250527,ZATA,11.0,0.0,10.0,10.0,10.0,6586700.0,-1.0,65867000.0,224.0,10.0,27096800.0,0.0,0.0,0.0,0.0
956,20250528,ZATA,10.0,0.0,10.0,9.0,10.0,26416400.0,0.0,258556700.0,272.0,11.0,9026700.0,10.0,18345800.0,0.0,0.0
956,20250602,ZATA,10.0,0.0,11.0,11.0,11.0,23897900.0,1.0,262876900.0,230.0,0.0,0.0,11.0,1034900.0,0.0,0.0
956,20250603,ZATA,11.0,0.0,11.0,10.0,10.0,20291500.0,-1.0,207005100.0,178.0,11.0,866900.0,10.0,11769000.0,0.0,0.0
956,20250604,ZATA,10.0,0.0,10.0,10.0,10.0,14290800.0,0.0,142908000.0,197.0,11.0,9636300.0,10.0,591300.0,0.0,0.0
956,20250605,ZATA,10.0,0.0,11.0,10.0,10.0,2317300.0,0.0,23290700.0,125.0,11.0,18714200.0,10.0,2529000.0,0.0,0.0
956,20250610,ZATA,10.0,0.0,10.0,10.0,10.0,12212400.0,0.0,122124000.0,143.0,11.0,10634500.0,10.0,649800.0,0.0,0.0
956,20250611,ZATA,10.0,0.0,10.0,10.0,10.0,3923700.0,0.0,39237000.0,122.0,10.0,1734500.0,9.0,15225400.0,0.0,0.0
956,20250612,ZATA,10.0,0.0,10.0,9.0,9.0,6911100.0,-1.0,63553700.0,93.0,10.0,2003300.0,9.0,10074200.0,0.0,0.0
956,20250613,ZATA,9.0,0.0,9.0,9.0,9.0,13250000.0,0.0,119250000.0,438.0,10.0,4527800.0,9.0,3918200.0,0.0,0.0
956,20250616,ZATA,9.0,0.0,10.0,10.0,10.0,2776100.0,1.0,27761000.0,94.0,10.0,8117800.0,9.0,2764600.0,0.0,0.0
956,20250617,ZATA,10.0,0.0,10.0,9.0,9.0,2401500.0,-1.0,23668000.0,77.0,10.0,8648200.0,9.0,17406000.0,0.0,0.0
956,20250618,ZATA,9.0,0.0,9.0,9.0,9.0,3438000.0,0.0,30942000.0,80.0,10.0,7982900.0,9.0,14545700.0,0.0,0.0
956,20250619,ZATA,9.0,0.0,10.0,9.0,9.0,16771800.0,0.0,152208600.0,318.0,10.0,14951500.0,9.0,290800.0,0.0,0.0
956,20250620,ZATA,9.0,0.0,10.0,9.0,9.0,6470100.0,0.0,58724100.0,181.0,10.0,16010100.0,9.0,210700.0,0.0,0.0
956,20250623,ZATA,9.0,0.0,9.0,9.0,9.0,4037300.0,0.0,36335700.0,147.0,9.0,760200.0,8.0,14286600.0,0.0,0.0
956,20250624,ZATA,9.0,0.0,9.0,9.0,9.0,2221100.0,0.0,19989900.0,80.0,9.0,5312700.0,8.0,14535700.0,0.0,0.0
956,20250625,ZATA,9.0,0.0,10.0,9.0,10.0,3266700.0,1.0,29420800.0,92.0,10.0,16659400.0,9.0,2139500.0,0.0,0.0
956,20250626,ZATA,10.0,0.0,9.0,9.0,9.0,2502200.0,-1.0,22519800.0,74.0,10.0,17825800.0,9.0,7065600.0,0.0,0.0
956,20250630,ZATA,9.0,0.0,9.0,9.0,9.0,2469300.0,0.0,22223700.0,102.0,9.0,1724400.0,8.0,11870400.0,0.0,0.0
956,20250701,ZATA,9.0,0.0,9.0,9.0,9.0,1659800.0,0.0,14938200.0,74.0,9.0,3825600.0,8.0,18865200.0,0.0,0.0
956,20250702,ZATA,9.0,0.0,9.0,9.0,9.0,2074000.0,0.0,18666000.0,64.0,9.0,2092300.0,8.0,27794100.0,0.0,0.0
956,20250703,ZATA,9.0,0.0,10.0,9.0,9.0,2752500.0,0.0,24874800.0,81.0,10.0,13632500.0,9.0,4490800.0,0.0,0.0
956,20250704,ZATA,9.0,0.0,10.0,9.0,10.0,2691700.0,1.0,24478800.0,59.0,10.0,20441900.0,9.0,1289700.0,0.0,0.0
956,20250707,ZATA,10.0,0.0,10.0,9.0,9.0,1073800.0,-1.0,10105800.0,78.0,10.0,25992500.0,9.0,8270700.0,0.0,0.0
958,20250708,ZATA,9.0,0.0,10.0,9.0,10.0,3400300.0,1.0,30808700.0,89.0,10.0,23004400.0,9.0,2229200.0,0.0,0.0
960,20250709,ZATA,10.0,0.0,10.0,9.0,9.0,1663200.0,-1.0,15154600.0,99.0,10.0,16244300.0,9.0,13428100.0,0.0,0.0
964,20250710,ZATA,9.0,0.0,10.0,9.0,10.0,3527100.0,1.0,32048100.0,105.0,10.0,20726800.0,9.0,1496400.0,0.0,0.0
964,20250711,ZATA,10.0,0.0,10.0,9.0,9.0,10412500.0,-1.0,93834100.0,204.0,10.0,17760800.0,9.0,1795600.0,0.0,0.0
964,20250714,ZATA,9.0,0.0,9.0,9.0,9.0,22942100.0,0.0,206478900.0,199.0,9.0,1547100.0,8.0,22164700.0,0.0,0.0
964,20250715,ZATA,9.0,0.0,9.0,9.0,9.0,6050100.0,0.0,54450900.0,129.0,10.0,11376400.0,9.0,136000.0,0.0,0.0
964,20250716,ZATA,9.0,0.0,9.0,9.0,9.0,1877200.0,0.0,16894800.0,108.0,9.0,2430400.0,8.0,15822800.0,0.0,0.0
964,20250717,ZATA,9.0,0.0,9.0,9.0,9.0,4694300.0,0.0,42248700.0,100.0,9.0,2766700.0,8.0,24535000.0,0.0,0.0
964,20250718,ZATA,9.0,0.0,9.0,9.0,9.0,4741000.0,0.0,42669000.0,100.0,10.0,20351000.0,9.0,201400.0,0.0,0.0
952,20250721,ZATA,9.0,0.0,10.0,9.0,9.0,3114500.0,0.0,29449200.0,151.0,10.0,29613400.0,9.0,2163700.0,0.0,0.0
952,20250722,ZATA,9.0,0.0,10.0,9.0,9.0,1412700.0,0.0,12773400.0,89.0,10.0,28390200.0,9.0,6074000.0,0.0,0.0
952,20250723,ZATA,9.0,0.0,9.0,9.0,9.0,5528900.0,0.0,49760100.0,147.0,9.0,3407200.0,8.0,13580100.0,0.0,0.0
952,20250724,ZATA,9.0,0.0,9.0,9.0,9.0,9603200.0,0.0,86428800.0,97.0,9.0,12779500.0,8.0,17234500.0,0.0,0.0
952,20250725,ZATA,9.0,0.0,9.0,9.0,9.0,5348700.0,0.0,48138300.0,90.0,9.0,12801300.0,8.0,15632300.0,0.0,0.0
952,20250728,ZATA,9.0,0.0,9.0,9.0,9.0,3560200.0,0.0,32041800.0,118.0,9.0,10457100.0,8.0,15333300.0,0.0,0.0
952,20250729,ZATA,9.0,0.0,9.0,9.0,9.0,4986000.0,0.0,44874000.0,188.0,9.0,7130500.0,8.0,14210800.0,0.0,0.0
952,20250730,ZATA,9.0,0.0,9.0,9.0,9.0,3400000.0,0.0,30600000.0,135.0,9.0,11123000.0,8.0,18466800.0,0.0,0.0
952,20250731,ZATA,9.0,0.0,9.0,9.0,9.0,1759700.0,0.0,15837300.0,138.0,9.0,6815400.0,8.0,11365100.0,0.0,0.0
952,20250801,ZATA,9.0,0.0,9.0,9.0,9.0,3438500.0,0.0,30946500.0,245.0,9.0,5676000.0,8.0,16965000.0,0.0,0.0
952,20250804,ZATA,9.0,0.0,9.0,9.0,9.0,5473200.0,0.0,49258800.0,168.0,10.0,20580200.0,9.0,3069000.0,0.0,0.0
952,20250805,ZATA,9.0,0.0,10.0,9.0,10.0,20619900.0,1.0,200466600.0,232.0,10.0,15563600.0,9.0,7558700.0,0.0,0.0
952,20250806,ZATA,10.0,0.0,10.0,10.0,10.0,3819300.0,0.0,38193000.0,150.0,10.0,14784900.0,9.0,14104800.0,0.0,0.0
952,20250807,ZATA,10.0,0.0,10.0,10.0,10.0,18769700.0,0.0,187697000.0,266.0,11.0,7115100.0,10.0,18897600.0,34100.0,0.0
952,20250808,ZATA,10.0,0.0,11.0,11.0,11.0,29757100.0,1.0,327328100.0,281.0,0.0,0.0,11.0,8678000.0,0.0,0.0
952,20250811,ZATA,11.0,0.0,12.0,12.0,12.0,52978600.0,1.0,635743200.0,656.0,0.0,0.0,12.0,19328600.0,0.0,0.0
